countyfips,year,month,day,i305
19185,2015,7,15,
19187,2015,7,15,
19189,2015,7,15,
22049,2015,7,15,
22005,2015,7,15,
22051,2015,7,15,
1001,2015,7,15,69.26538721
1101,2015,7,15,73.08584967
1103,2015,7,15,66.42209469
1105,2015,7,15,72.73454317
1107,2015,7,15,66.62873124
1109,2015,7,15,78.62118502
1011,2015,7,15,74.66986747
1111,2015,7,15,73.28189175
1113,2015,7,15,73.50692361
1115,2015,7,15,69.3602181
1117,2015,7,15,61.88307418
1119,2015,7,15,75.11452763
1121,2015,7,15,67.45079926
1123,2015,7,15,63.3467495
1125,2015,7,15,64.29544463
1127,2015,7,15,69.17898634
1129,2015,7,15,80.44490875
1013,2015,7,15,77.73270246
1131,2015,7,15,79.88017137
1133,2015,7,15,69.53494601
1015,2015,7,15,68.16052397
1017,2015,7,15,74.05379601
1019,2015,7,15,66.12637505
1021,2015,7,15,72.18445412
1023,2015,7,15,79.27308114
1025,2015,7,15,77.29936629
1027,2015,7,15,71.37550304
1029,2015,7,15,65.70508827
1003,2015,7,15,82.00123521
1031,2015,7,15,78.45838976
1033,2015,7,15,64.32774445
1035,2015,7,15,78.43001656
1037,2015,7,15,62.16149797
1039,2015,7,15,78.40336602
1041,2015,7,15,79.05247983
1043,2015,7,15,67.97472288
1045,2015,7,15,79.00169834
1047,2015,7,15,73.24348441
1049,2015,7,15,68.25135552
1005,2015,7,15,78.79474761
1051,2015,7,15,70.95957948
27013,2015,7,15,
1053,2015,7,15,80.41700706
1055,2015,7,15,66.74105321
1057,2015,7,15,65.681528
1059,2015,7,15,67.71547453
1061,2015,7,15,80.67532069
1063,2015,7,15,70.96756513
1065,2015,7,15,74.30458841
1067,2015,7,15,78.52085962
1069,2015,7,15,80.13452074
1007,2015,7,15,67.47558692
1071,2015,7,15,70.83944219
1073,2015,7,15,66.75925936
1075,2015,7,15,66.74245484
1077,2015,7,15,69.06825443
1079,2015,7,15,63.20322653
1081,2015,7,15,76.20371129
1083,2015,7,15,69.00544601
1085,2015,7,15,77.53556048
1087,2015,7,15,74.15375951
1089,2015,7,15,68.65468603
1009,2015,7,15,66.05580797
1091,2015,7,15,74.53306119
1093,2015,7,15,69.54150698
1095,2015,7,15,65.12028964
1097,2015,7,15,79.83835929
1099,2015,7,15,77.82100065
10001,2015,7,15,28.56099829
10003,2015,7,15,29.42985306
10005,2015,7,15,34.24988461
11001,2015,7,15,48.09907391
12001,2015,7,15,44.46717337
12101,2015,7,15,20.47749697
12103,2015,7,15,30.51965554
12105,2015,7,15,52.99543885
12107,2015,7,15,49.96292599
12109,2015,7,15,72.82596854
12011,2015,7,15,62.53406448
12111,2015,7,15,69.11003584
12113,2015,7,15,79.38412925
12115,2015,7,15,82.68603756
12117,2015,7,15,61.7263159
12119,2015,7,15,34.49579711
12121,2015,7,15,24.11185536
12123,2015,7,15,27.5329255
12125,2015,7,15,72.63275044
12127,2015,7,15,63.94055746
12129,2015,7,15,82.95243947
12013,2015,7,15,82.08294376
12131,2015,7,15,83.15007649
12133,2015,7,15,83.3181073
12015,2015,7,15,77.82362312
12017,2015,7,15,24.25807448
12019,2015,7,15,66.76632168
12021,2015,7,15,78.79568548
12023,2015,7,15,32.21035195
12027,2015,7,15,60.25712441
12029,2015,7,15,48.56615575
12003,2015,7,15,71.0076877
12031,2015,7,15,66.33530925
12033,2015,7,15,76.08307712
12035,2015,7,15,67.18538943
12037,2015,7,15,80.41076364
12039,2015,7,15,82.85358726
12041,2015,7,15,48.55520284
12043,2015,7,15,77.56244768
12045,2015,7,15,84.46178863
12047,2015,7,15,31.14974924
12049,2015,7,15,62.80377824
12005,2015,7,15,83.5642503
12051,2015,7,15,73.84305269
12053,2015,7,15,17.77734175
12055,2015,7,15,66.93036907
12057,2015,7,15,30.64831281
12059,2015,7,15,82.66397798
12061,2015,7,15,56.72135092
12063,2015,7,15,81.94437954
12065,2015,7,15,50.01217526
12067,2015,7,15,28.94515434
12069,2015,7,15,36.08832709
12007,2015,7,15,67.96015463
12071,2015,7,15,77.35184235
12073,2015,7,15,84.47138704
12075,2015,7,15,32.01382832
12077,2015,7,15,83.3545629
12079,2015,7,15,34.81995851
12081,2015,7,15,80.16063586
12083,2015,7,15,41.62527722
12085,2015,7,15,79.0423441
12086,2015,7,15,55.17781134
12087,2015,7,15,72.11985225
12089,2015,7,15,64.56668751
12009,2015,7,15,47.3781483
12091,2015,7,15,81.69234837
12093,2015,7,15,71.68753424
12095,2015,7,15,52.72788337
12097,2015,7,15,57.07304648
12099,2015,7,15,77.88702116
13001,2015,7,15,72.83258153
13101,2015,7,15,52.530037
13103,2015,7,15,70.83478661
13105,2015,7,15,70.54090851
13107,2015,7,15,64.31663101
13109,2015,7,15,65.020805
13011,2015,7,15,70.4337749
13111,2015,7,15,52.51678646
13113,2015,7,15,72.92975305
13115,2015,7,15,65.65428599
13117,2015,7,15,71.11726182
13119,2015,7,15,67.99350142
13121,2015,7,15,68.69933186
13123,2015,7,15,57.78988324
13125,2015,7,15,66.273071
13127,2015,7,15,77.82581301
13129,2015,7,15,64.00342744
13013,2015,7,15,67.68222553
13131,2015,7,15,82.93024276
13133,2015,7,15,70.29582811
13135,2015,7,15,68.11676091
13137,2015,7,15,70.20289189
13139,2015,7,15,71.23795925
13141,2015,7,15,71.424393
13143,2015,7,15,64.89054907
13145,2015,7,15,76.01783182
13147,2015,7,15,67.18835031
13149,2015,7,15,74.55073462
13015,2015,7,15,68.87221334
13151,2015,7,15,70.01154314
13153,2015,7,15,72.81850155
13155,2015,7,15,76.88389228
13157,2015,7,15,70.27619558
13159,2015,7,15,65.80248518
13161,2015,7,15,72.59018754
13163,2015,7,15,68.76100264
13165,2015,7,15,67.92939786
13167,2015,7,15,65.52900416
13169,2015,7,15,68.38058191
13017,2015,7,15,71.78031228
13171,2015,7,15,64.02062958
13173,2015,7,15,58.680481
13175,2015,7,15,72.43267373
13177,2015,7,15,66.85839311
13179,2015,7,15,77.5562628
13181,2015,7,15,72.38397772
13183,2015,7,15,77.53082732
13185,2015,7,15,50.86958902
13187,2015,7,15,66.91162898
13189,2015,7,15,67.92361929
13019,2015,7,15,64.00038092
13191,2015,7,15,77.78052321
13193,2015,7,15,71.73503481
13195,2015,7,15,71.57570357
13197,2015,7,15,69.12292352
13199,2015,7,15,73.99172438
13201,2015,7,15,79.13581291
13205,2015,7,15,77.73601691
13207,2015,7,15,65.64779987
13209,2015,7,15,72.14623913
13021,2015,7,15,70.30656044
13211,2015,7,15,70.85768361
13213,2015,7,15,54.21451248
13215,2015,7,15,75.12510576
13217,2015,7,15,70.75806914
13219,2015,7,15,69.86719315
13221,2015,7,15,72.35859953
13223,2015,7,15,63.01264784
13225,2015,7,15,72.26020212
13227,2015,7,15,63.401708
13229,2015,7,15,67.12220454
13023,2015,7,15,71.133324
13231,2015,7,15,65.87965931
13233,2015,7,15,67.45627698
13235,2015,7,15,61.472733
13237,2015,7,15,66.2715639
13239,2015,7,15,79.82859
13241,2015,7,15,66.22756293
13243,2015,7,15,79.77282
13245,2015,7,15,72.04983058
13247,2015,7,15,69.77711452
13249,2015,7,15,69.46850091
13025,2015,7,15,66.76448432
13251,2015,7,15,65.28905801
13253,2015,7,15,80.07431354
13255,2015,7,15,64.7979282
13257,2015,7,15,69.69382842
13259,2015,7,15,72.521553
13261,2015,7,15,67.67429501
13263,2015,7,15,75.90366314
13265,2015,7,15,70.075218
13267,2015,7,15,72.98752184
13269,2015,7,15,72.57390489
13027,2015,7,15,50.80304434
13271,2015,7,15,71.86894357
13273,2015,7,15,79.6598771
13275,2015,7,15,55.27905428
13277,2015,7,15,77.26084895
13279,2015,7,15,68.93718613
13281,2015,7,15,63.88905952
13283,2015,7,15,71.30088943
13285,2015,7,15,73.80692918
13287,2015,7,15,67.179245
13289,2015,7,15,71.94046467
13029,2015,7,15,75.81625368
13291,2015,7,15,58.5039409
13293,2015,7,15,67.51553149
13295,2015,7,15,71.68637022
13297,2015,7,15,67.5411124
13299,2015,7,15,60.8217834
13003,2015,7,15,68.28613828
13301,2015,7,15,66.82487556
13303,2015,7,15,71.64366888
13305,2015,7,15,71.75884438
13307,2015,7,15,75.69937127
13309,2015,7,15,73.11011055
13031,2015,7,15,58.46077027
13311,2015,7,15,67.6975197
13313,2015,7,15,71.9048846
13315,2015,7,15,56.18695926
13317,2015,7,15,72.17666828
13319,2015,7,15,70.95298354
13321,2015,7,15,75.10025214
13033,2015,7,15,65.89286575
13035,2015,7,15,64.478951
13037,2015,7,15,77.690071
13039,2015,7,15,66.16594607
13043,2015,7,15,65.85193572
13045,2015,7,15,68.84663247
13047,2015,7,15,71.45577011
13049,2015,7,15,71.48207164
13005,2015,7,15,77.583336
13051,2015,7,15,73.12705458
13053,2015,7,15,69.95995396
13055,2015,7,15,67.14872073
13057,2015,7,15,68.44659395
13059,2015,7,15,72.1864037
13061,2015,7,15,79.77282
13063,2015,7,15,70.4806258
13065,2015,7,15,51.26672378
13067,2015,7,15,66.95300293
13069,2015,7,15,76.89991017
13007,2015,7,15,79.34626
13071,2015,7,15,66.14838699
13073,2015,7,15,69.17976237
13075,2015,7,15,59.80044676
13077,2015,7,15,74.48090386
13079,2015,7,15,71.0607356
13081,2015,7,15,54.87952691
13083,2015,7,15,71.21613678
13085,2015,7,15,67.49067391
13087,2015,7,15,81.27992332
13089,2015,7,15,67.36795039
13009,2015,7,15,68.62908843
13091,2015,7,15,59.2953949
13093,2015,7,15,59.20650754
13095,2015,7,15,75.94702876
13097,2015,7,15,67.43917045
13099,2015,7,15,78.36501383
16001,2015,7,15,60.25243793
16011,2015,7,15,53.93523961
16013,2015,7,15,53.59327663
16015,2015,7,15,60.968586
16017,2015,7,15,50.53637968
16019,2015,7,15,41.28988695
16021,2015,7,15,45.153866
16023,2015,7,15,23.410189
16025,2015,7,15,61.396202
16027,2015,7,15,60.09825894
16029,2015,7,15,43.60766202
16003,2015,7,15,51.2009641
16031,2015,7,15,63.06996428
16033,2015,7,15,29.549587
16035,2015,7,15,54.98753817
16037,2015,7,15,40.887421
16039,2015,7,15,61.74676528
16041,2015,7,15,48.23550196
16043,2015,7,15,59.11821899
16045,2015,7,15,59.66581477
16047,2015,7,15,62.78796117
16049,2015,7,15,51.55527116
16005,2015,7,15,56.80383533
16051,2015,7,15,52.64762286
16053,2015,7,15,63.30434279
16055,2015,7,15,49.6639235
16057,2015,7,15,53.74342258
16059,2015,7,15,53.30470719
16061,2015,7,15,53.4361121
16063,2015,7,15,62.214005
16065,2015,7,15,57.921299
16067,2015,7,15,62.38075129
16069,2015,7,15,49.18981291
16007,2015,7,15,58.034218
16071,2015,7,15,29.482307
16073,2015,7,15,59.2476354
16075,2015,7,15,58.29836301
16077,2015,7,15,59.32562353
16079,2015,7,15,52.31559833
16081,2015,7,15,56.933708
16083,2015,7,15,62.98083637
16085,2015,7,15,49.77425086
16087,2015,7,15,56.44567843
16009,2015,7,15,51.74945128
17001,2015,7,15,64.38199563
17101,2015,7,15,62.805218
17103,2015,7,15,58.09478086
17105,2015,7,15,58.81043025
17107,2015,7,15,58.03388583
17109,2015,7,15,65.30545854
17011,2015,7,15,57.13936863
17111,2015,7,15,63.01034118
17113,2015,7,15,53.70330742
17115,2015,7,15,52.94573152
17117,2015,7,15,60.77846063
17119,2015,7,15,62.62332518
17121,2015,7,15,59.94356359
17123,2015,7,15,53.48906244
17125,2015,7,15,64.78940894
17127,2015,7,15,71.46368538
17129,2015,7,15,64.141815
17013,2015,7,15,68.06968792
17131,2015,7,15,53.66211596
17133,2015,7,15,63.59232583
17135,2015,7,15,50.81318954
17137,2015,7,15,62.57994235
17139,2015,7,15,52.61306857
17141,2015,7,15,57.1196645
17143,2015,7,15,58.75017453
17145,2015,7,15,67.3290578
17147,2015,7,15,57.74661856
17149,2015,7,15,66.42585381
17015,2015,7,15,53.1306711
17151,2015,7,15,71.40430956
17153,2015,7,15,71.452667
17155,2015,7,15,54.19162
17157,2015,7,15,64.01582734
17159,2015,7,15,62.19288624
17161,2015,7,15,47.35529119
17163,2015,7,15,62.72876153
17165,2015,7,15,66.21283872
17167,2015,7,15,54.87051358
17169,2015,7,15,64.44762286
17017,2015,7,15,65.59485566
17171,2015,7,15,64.58694391
17173,2015,7,15,54.8116115
17175,2015,7,15,57.16107823
17177,2015,7,15,57.63531824
17179,2015,7,15,58.13373793
17181,2015,7,15,70.84538468
17183,2015,7,15,57.13757407
17185,2015,7,15,62.63954427
17187,2015,7,15,60.40859578
17189,2015,7,15,62.17062074
17019,2015,7,15,58.72159933
17191,2015,7,15,61.58322918
17193,2015,7,15,62.66534795
17195,2015,7,15,57.87566316
17197,2015,7,15,61.63166525
17199,2015,7,15,69.15605665
17201,2015,7,15,61.90971421
17203,2015,7,15,57.04930636
17021,2015,7,15,51.05406923
17023,2015,7,15,57.562069
17025,2015,7,15,60.40507776
17027,2015,7,15,59.33406
17029,2015,7,15,56.14154356
17003,2015,7,15,71.18075854
17031,2015,7,15,62.34308882
17033,2015,7,15,62.95578992
17035,2015,7,15,58.54194684
17037,2015,7,15,61.54330461
17039,2015,7,15,55.79420589
17041,2015,7,15,56.06220099
17043,2015,7,15,61.33116153
17045,2015,7,15,50.18743627
17047,2015,7,15,62.70006067
17049,2015,7,15,58.51872641
17005,2015,7,15,54.66253059
17051,2015,7,15,57.81187528
17053,2015,7,15,59.81706092
17055,2015,7,15,67.25915221
17057,2015,7,15,63.87234246
17059,2015,7,15,66.71639396
17061,2015,7,15,64.21101874
17063,2015,7,15,60.56485564
17065,2015,7,15,62.11071075
17067,2015,7,15,65.16206038
17069,2015,7,15,68.743301
17007,2015,7,15,61.90217286
17071,2015,7,15,63.51187522
17073,2015,7,15,54.47920848
17075,2015,7,15,58.52043974
17077,2015,7,15,69.55274687
17079,2015,7,15,61.69129867
17081,2015,7,15,62.74578824
17083,2015,7,15,66.23280275
17085,2015,7,15,50.30914378
17087,2015,7,15,70.5762396
17089,2015,7,15,61.91415772
17009,2015,7,15,66.576836
17091,2015,7,15,59.15774526
17093,2015,7,15,61.34599133
17095,2015,7,15,57.56453871
17097,2015,7,15,61.98917253
17099,2015,7,15,58.71633277
18001,2015,7,15,65.61417449
18101,2015,7,15,60.47232835
18103,2015,7,15,62.79972979
18105,2015,7,15,60.85781043
18107,2015,7,15,54.77991606
18109,2015,7,15,55.37315158
18011,2015,7,15,55.44445482
18111,2015,7,15,49.9724122
18113,2015,7,15,64.26982364
18115,2015,7,15,58.042881
18117,2015,7,15,58.20338745
18119,2015,7,15,60.11657934
18121,2015,7,15,52.78467334
18123,2015,7,15,61.13974075
18125,2015,7,15,57.49413823
18127,2015,7,15,60.11111413
18129,2015,7,15,63.74705551
18013,2015,7,15,54.01813192
18131,2015,7,15,41.23357703
18133,2015,7,15,60.1031267
18135,2015,7,15,66.00481166
18137,2015,7,15,61.68060673
18139,2015,7,15,62.76406071
18141,2015,7,15,63.17558756
18143,2015,7,15,49.02203259
18145,2015,7,15,54.16379443
18147,2015,7,15,60.12044329
18149,2015,7,15,43.33442104
18015,2015,7,15,54.47518345
18151,2015,7,15,63.93884627
18153,2015,7,15,60.57662993
18155,2015,7,15,56.06427219
18157,2015,7,15,50.88178028
18159,2015,7,15,57.43667077
18161,2015,7,15,64.9081816
18163,2015,7,15,63.1720218
18165,2015,7,15,52.74697796
18167,2015,7,15,57.18628129
18169,2015,7,15,64.75893449
18017,2015,7,15,50.43439688
18171,2015,7,15,55.36750626
18173,2015,7,15,62.93649776
18175,2015,7,15,50.77714616
18177,2015,7,15,65.32773328
18179,2015,7,15,65.57578379
18181,2015,7,15,48.62203883
18183,2015,7,15,64.43139602
18019,2015,7,15,46.72645924
18021,2015,7,15,57.89711859
18023,2015,7,15,53.38449358
18025,2015,7,15,56.7175261
18027,2015,7,15,61.56653925
18029,2015,7,15,61.65476176
18003,2015,7,15,64.89158536
18031,2015,7,15,55.91636956
18033,2015,7,15,64.4331958
18035,2015,7,15,66.17639347
18037,2015,7,15,54.63948426
18039,2015,7,15,63.3756084
18041,2015,7,15,65.21408941
18043,2015,7,15,46.83913936
18045,2015,7,15,54.93308211
18047,2015,7,15,64.45179826
18049,2015,7,15,57.99867893
18005,2015,7,15,53.6726183
18051,2015,7,15,62.81363951
18053,2015,7,15,65.48579603
18055,2015,7,15,61.03645354
18057,2015,7,15,55.90548554
18059,2015,7,15,55.17607218
18061,2015,7,15,54.66075955
18063,2015,7,15,55.87875966
18065,2015,7,15,65.94905043
18067,2015,7,15,56.62835366
18069,2015,7,15,64.96165286
18007,2015,7,15,53.23906103
18071,2015,7,15,53.63598799
18073,2015,7,15,45.68180907
18075,2015,7,15,66.17517189
18077,2015,7,15,47.892654
18079,2015,7,15,52.42508073
18081,2015,7,15,54.56480193
18083,2015,7,15,62.76700406
18085,2015,7,15,64.18913557
18087,2015,7,15,63.92549127
18089,2015,7,15,58.71739841
18009,2015,7,15,65.389214
18091,2015,7,15,61.67488973
18093,2015,7,15,62.29473431
18095,2015,7,15,64.769132
18097,2015,7,15,54.90152296
18099,2015,7,15,59.05650197
19001,2015,7,15,
19101,2015,7,15,56.10656
19103,2015,7,15,53.93191139
19105,2015,7,15,44.47145002
19107,2015,7,15,55.10293419
19109,2015,7,15,
19011,2015,7,15,48.37745694
19111,2015,7,15,63.49556972
19113,2015,7,15,49.01299561
19115,2015,7,15,53.66299395
19117,2015,7,15,
19119,2015,7,15,
19121,2015,7,15,
19123,2015,7,15,55.21841
19125,2015,7,15,
19127,2015,7,15,
19129,2015,7,15,
19013,2015,7,15,45.34678591
19131,2015,7,15,46.96503578
19133,2015,7,15,
19135,2015,7,15,
19137,2015,7,15,
19139,2015,7,15,54.53717656
19141,2015,7,15,
19143,2015,7,15,
19145,2015,7,15,
19147,2015,7,15,
19149,2015,7,15,
19015,2015,7,15,
19151,2015,7,15,
19153,2015,7,15,
19155,2015,7,15,
19157,2015,7,15,49.76217204
19159,2015,7,15,
19161,2015,7,15,
19163,2015,7,15,44.91875641
19165,2015,7,15,
19167,2015,7,15,
19169,2015,7,15,
19017,2015,7,15,45.33313055
19171,2015,7,15,48.46151316
19173,2015,7,15,
19175,2015,7,15,
19177,2015,7,15,62.56480453
19179,2015,7,15,54.99053689
19181,2015,7,15,
19183,2015,7,15,55.1809975
19019,2015,7,15,47.18688658
19191,2015,7,15,43.04360791
19193,2015,7,15,
19195,2015,7,15,
19197,2015,7,15,
19021,2015,7,15,
19023,2015,7,15,45.73925656
19025,2015,7,15,
19027,2015,7,15,
19029,2015,7,15,
19003,2015,7,15,
19031,2015,7,15,50.10233892
19033,2015,7,15,
19035,2015,7,15,
19037,2015,7,15,46.26095776
19039,2015,7,15,
19041,2015,7,15,
19043,2015,7,15,41.86557462
19045,2015,7,15,51.98976646
19047,2015,7,15,
19049,2015,7,15,
19005,2015,7,15,41.75001063
19051,2015,7,15,59.214081
19053,2015,7,15,
19055,2015,7,15,41.6517137
19057,2015,7,15,65.09096425
19059,2015,7,15,
19061,2015,7,15,40.18029434
19063,2015,7,15,
19065,2015,7,15,44.18602446
19067,2015,7,15,45.50444991
19069,2015,7,15,
19007,2015,7,15,
19071,2015,7,15,
19073,2015,7,15,
19075,2015,7,15,45.22136502
19077,2015,7,15,
19079,2015,7,15,
19081,2015,7,15,
19083,2015,7,15,
19085,2015,7,15,
19087,2015,7,15,59.645315
19089,2015,7,15,46.01833
19009,2015,7,15,
19091,2015,7,15,
19093,2015,7,15,
19095,2015,7,15,51.8872474
19097,2015,7,15,46.05546024
19099,2015,7,15,
20001,2015,7,15,74.99661146
20101,2015,7,15,74.196404
20103,2015,7,15,
20105,2015,7,15,66.98101
20107,2015,7,15,
20109,2015,7,15,65.902016
20011,2015,7,15,
20111,2015,7,15,74.335219
20113,2015,7,15,73.78516281
20115,2015,7,15,75.27163662
20117,2015,7,15,38.60808483
20119,2015,7,15,77.96208559
20121,2015,7,15,
20123,2015,7,15,59.8463122
20125,2015,7,15,76.97769793
20127,2015,7,15,73.34645308
20129,2015,7,15,78.9403
20013,2015,7,15,
20131,2015,7,15,36.39724711
20133,2015,7,15,76.02282937
20135,2015,7,15,70.61130488
20137,2015,7,15,63.34692
20139,2015,7,15,73.96096791
20141,2015,7,15,69.727707
20143,2015,7,15,43.57056542
20145,2015,7,15,70.882851
20147,2015,7,15,59.77249745
20149,2015,7,15,66.17813496
20015,2015,7,15,76.47771183
20151,2015,7,15,74.787857
20153,2015,7,15,67.161446
20155,2015,7,15,74.72592312
20157,2015,7,15,70.92331584
20159,2015,7,15,73.6250752
20161,2015,7,15,67.52636147
20163,2015,7,15,60.71837118
20165,2015,7,15,68.90411884
20167,2015,7,15,71.055984
20169,2015,7,15,62.99379891
20017,2015,7,15,75.032471
20171,2015,7,15,75.236305
20173,2015,7,15,75.95835141
20175,2015,7,15,77.81624045
20177,2015,7,15,73.10340395
20179,2015,7,15,66.28925578
20181,2015,7,15,70.780426
20183,2015,7,15,54.446018
20185,2015,7,15,73.59913254
20187,2015,7,15,78.996582
20189,2015,7,15,78.089447
20019,2015,7,15,77.400253
20191,2015,7,15,76.05044841
20193,2015,7,15,66.614609
20195,2015,7,15,70.89518
20197,2015,7,15,72.98322108
20199,2015,7,15,73.987518
20201,2015,7,15,61.0793381
20203,2015,7,15,74.115311
20205,2015,7,15,76.09304066
20207,2015,7,15,74.55233
20209,2015,7,15,
20021,2015,7,15,77.662918
20023,2015,7,15,67.21553
20025,2015,7,15,76.6054
20027,2015,7,15,32.14098351
20029,2015,7,15,39.41111474
20003,2015,7,15,73.603424
20031,2015,7,15,73.50944864
20033,2015,7,15,75.849937
20035,2015,7,15,77.27835429
20037,2015,7,15,
20039,2015,7,15,62.228832
20041,2015,7,15,67.44393399
20043,2015,7,15,
20045,2015,7,15,
20047,2015,7,15,73.12582698
20049,2015,7,15,76.282722
20005,2015,7,15,
20051,2015,7,15,68.9558724
20053,2015,7,15,56.20609045
20055,2015,7,15,76.14019019
20057,2015,7,15,73.79264288
20059,2015,7,15,
20061,2015,7,15,68.78512795
20063,2015,7,15,71.19047667
20065,2015,7,15,65.995956
20067,2015,7,15,77.04981245
20069,2015,7,15,76.08053978
20007,2015,7,15,76.51213348
20071,2015,7,15,76.25956
20073,2015,7,15,73.78528163
20075,2015,7,15,76.754883
20077,2015,7,15,76.82669115
20079,2015,7,15,76.27551047
20081,2015,7,15,77.071571
20083,2015,7,15,70.41671
20085,2015,7,15,70.20890682
20087,2015,7,15,
20089,2015,7,15,70.31050353
20009,2015,7,15,70.93658444
20091,2015,7,15,
20093,2015,7,15,76.343575
20095,2015,7,15,75.60165358
20097,2015,7,15,74.581078
20099,2015,7,15,77.00219166
21001,2015,7,15,48.97562105
21101,2015,7,15,64.36770611
21103,2015,7,15,43.97895553
21105,2015,7,15,71.671906
21107,2015,7,15,65.30651989
21109,2015,7,15,49.43599783
21011,2015,7,15,51.27451593
21111,2015,7,15,44.56272237
21113,2015,7,15,54.41169333
21115,2015,7,15,37.8550427
21117,2015,7,15,57.26055818
21119,2015,7,15,42.97228827
21121,2015,7,15,55.00920558
21123,2015,7,15,48.97660331
21125,2015,7,15,54.74007552
21127,2015,7,15,39.6892339
21129,2015,7,15,42.457817
21013,2015,7,15,46.98134927
21131,2015,7,15,39.47953389
21133,2015,7,15,38.64471748
21135,2015,7,15,53.24062175
21137,2015,7,15,50.37323914
21139,2015,7,15,70.8399316
21141,2015,7,15,67.48304556
21143,2015,7,15,71.2826108
21145,2015,7,15,71.31947257
21147,2015,7,15,52.55633228
21149,2015,7,15,65.65347295
21015,2015,7,15,57.86704048
21151,2015,7,15,53.54250505
21153,2015,7,15,42.34301027
21155,2015,7,15,47.19073077
21157,2015,7,15,71.82458861
21159,2015,7,15,35.1769907
21161,2015,7,15,49.47014709
21163,2015,7,15,59.54841202
21165,2015,7,15,44.75695727
21167,2015,7,15,47.95372546
21169,2015,7,15,65.1351787
21017,2015,7,15,56.45742867
21171,2015,7,15,69.12691253
21173,2015,7,15,51.41276851
21175,2015,7,15,42.40844937
21177,2015,7,15,64.59764039
21179,2015,7,15,44.70958371
21181,2015,7,15,47.77102048
21183,2015,7,15,64.64723875
21185,2015,7,15,44.80704021
21187,2015,7,15,51.74973525
21189,2015,7,15,41.815308
21019,2015,7,15,39.59672284
21191,2015,7,15,52.06652593
21193,2015,7,15,40.75130409
21195,2015,7,15,36.32795578
21197,2015,7,15,50.15464261
21199,2015,7,15,51.72047106
21201,2015,7,15,47.518616
21203,2015,7,15,49.52179733
21205,2015,7,15,53.87457587
21207,2015,7,15,50.37853761
21209,2015,7,15,54.84362823
21021,2015,7,15,47.263599
21211,2015,7,15,43.51345803
21213,2015,7,15,68.446175
21215,2015,7,15,43.72273833
21217,2015,7,15,47.26885351
21219,2015,7,15,69.58012682
21221,2015,7,15,72.210122
21223,2015,7,15,46.68098096
21225,2015,7,15,65.66746342
21227,2015,7,15,65.61976485
21229,2015,7,15,46.579544
21023,2015,7,15,48.06140742
21231,2015,7,15,52.8836122
21233,2015,7,15,65.9691758
21235,2015,7,15,53.62539966
21237,2015,7,15,42.25215239
21239,2015,7,15,56.67259837
21025,2015,7,15,46.85867861
21027,2015,7,15,61.13649198
21029,2015,7,15,43.4209138
21003,2015,7,15,67.43390049
21031,2015,7,15,63.87849246
21033,2015,7,15,67.41853279
21035,2015,7,15,71.98565307
21037,2015,7,15,56.76216619
21039,2015,7,15,71.7151406
21041,2015,7,15,47.73812159
21043,2015,7,15,47.60772704
21045,2015,7,15,48.90995933
21047,2015,7,15,71.30156272
21049,2015,7,15,55.30686122
21005,2015,7,15,45.361443
21051,2015,7,15,50.63069915
21053,2015,7,15,52.79003481
21055,2015,7,15,69.23175905
21057,2015,7,15,51.70499166
21059,2015,7,15,64.29263784
21061,2015,7,15,60.00873193
21063,2015,7,15,47.534653
21065,2015,7,15,53.43444808
21067,2015,7,15,56.21233278
21069,2015,7,15,52.4067618
21007,2015,7,15,71.4412
21071,2015,7,15,36.95577658
21073,2015,7,15,51.1880106
21075,2015,7,15,71.95393999
21077,2015,7,15,55.046345
21079,2015,7,15,53.59364387
21081,2015,7,15,52.23552265
21083,2015,7,15,72.37181075
21085,2015,7,15,59.50399864
21087,2015,7,15,47.39558808
21089,2015,7,15,38.31467605
21009,2015,7,15,63.77792326
21091,2015,7,15,63.70574653
21093,2015,7,15,59.20464966
21095,2015,7,15,38.11291288
21097,2015,7,15,52.50308388
21099,2015,7,15,60.0845875
22001,2015,7,15,
22101,2015,7,15,
22103,2015,7,15,81.38565477
22105,2015,7,15,
22107,2015,7,15,
22109,2015,7,15,
22011,2015,7,15,90.14241627
22111,2015,7,15,
22113,2015,7,15,
22115,2015,7,15,90.91276184
22117,2015,7,15,79.83380699
22119,2015,7,15,
22121,2015,7,15,
22123,2015,7,15,
22125,2015,7,15,
22127,2015,7,15,
22013,2015,7,15,
22015,2015,7,15,86.22851875
22017,2015,7,15,86.53361916
22019,2015,7,15,88.34941016
22021,2015,7,15,
22023,2015,7,15,91.686211
22025,2015,7,15,
22027,2015,7,15,
22029,2015,7,15,
22003,2015,7,15,
22031,2015,7,15,88.54598119
22033,2015,7,15,
22035,2015,7,15,
22037,2015,7,15,
22039,2015,7,15,
22041,2015,7,15,
22043,2015,7,15,
22045,2015,7,15,
22047,2015,7,15,
22053,2015,7,15,88.193039
22055,2015,7,15,
22057,2015,7,15,
22059,2015,7,15,
22061,2015,7,15,
22063,2015,7,15,
22065,2015,7,15,
22067,2015,7,15,
22069,2015,7,15,
22007,2015,7,15,
22071,2015,7,15,83.714783
22073,2015,7,15,
22075,2015,7,15,87.21358745
22077,2015,7,15,
22079,2015,7,15,
22081,2015,7,15,88.633339
22083,2015,7,15,
22085,2015,7,15,89.82758845
22087,2015,7,15,84.465805
22089,2015,7,15,
22009,2015,7,15,
22091,2015,7,15,
22093,2015,7,15,
22095,2015,7,15,
22097,2015,7,15,
22099,2015,7,15,
23001,2015,7,15,
23011,2015,7,15,
23013,2015,7,15,
23015,2015,7,15,
23017,2015,7,15,
23019,2015,7,15,35.68959223
23021,2015,7,15,
23023,2015,7,15,
23025,2015,7,15,
23027,2015,7,15,
23029,2015,7,15,29.15688706
23003,2015,7,15,47.98795831
23031,2015,7,15,
23005,2015,7,15,
23007,2015,7,15,
23009,2015,7,15,34.16472684
24001,2015,7,15,38.62685902
24011,2015,7,15,30.46451372
24013,2015,7,15,41.34502704
24015,2015,7,15,34.34706833
24017,2015,7,15,42.69777224
24019,2015,7,15,32.32840179
24021,2015,7,15,50.11600397
24023,2015,7,15,36.35234995
24025,2015,7,15,32.88355053
24027,2015,7,15,41.85104447
24029,2015,7,15,21.44267866
24003,2015,7,15,33.51139228
24031,2015,7,15,47.02645097
24033,2015,7,15,38.50836899
24035,2015,7,15,26.29738366
24037,2015,7,15,43.48477302
24039,2015,7,15,52.96620273
24041,2015,7,15,28.1415242
24043,2015,7,15,47.45457417
24045,2015,7,15,36.6173312
24047,2015,7,15,38.12055342
24005,2015,7,15,36.14436075
24510,2015,7,15,39.15137886
24009,2015,7,15,32.23760989
25001,2015,7,15,
25011,2015,7,15,41.90028043
25013,2015,7,15,16.72828484
25015,2015,7,15,27.09722181
25017,2015,7,15,
25019,2015,7,15,
25021,2015,7,15,
25023,2015,7,15,
25025,2015,7,15,
25027,2015,7,15,20.8211679
25003,2015,7,15,51.21765662
25005,2015,7,15,
25007,2015,7,15,
25009,2015,7,15,
26001,2015,7,15,54.64745693
26101,2015,7,15,59.77706167
26103,2015,7,15,52.78446557
26105,2015,7,15,59.35086016
26107,2015,7,15,60.7904552
26109,2015,7,15,59.98541547
26011,2015,7,15,57.209533
26111,2015,7,15,57.73479983
26113,2015,7,15,58.32780066
26115,2015,7,15,61.37919801
26117,2015,7,15,61.22482687
26119,2015,7,15,53.79964579
26121,2015,7,15,62.9570647
26123,2015,7,15,60.61277078
26125,2015,7,15,60.27366082
26127,2015,7,15,61.21781748
26129,2015,7,15,57.04018465
26013,2015,7,15,56.784103
26131,2015,7,15,55.2893214
26133,2015,7,15,59.68452246
26135,2015,7,15,54.65912138
26137,2015,7,15,54.99334884
26139,2015,7,15,63.06915364
26141,2015,7,15,52.50916743
26143,2015,7,15,55.89438718
26145,2015,7,15,59.35828696
26147,2015,7,15,57.77639511
26149,2015,7,15,63.38732836
26015,2015,7,15,61.25262768
26151,2015,7,15,57.23881017
26153,2015,7,15,53.07039856
26155,2015,7,15,60.77906044
26157,2015,7,15,57.07224576
26159,2015,7,15,64.51938274
26161,2015,7,15,61.34265429
26163,2015,7,15,61.04747044
26165,2015,7,15,58.49715702
26017,2015,7,15,59.07576431
26019,2015,7,15,58.00478829
26021,2015,7,15,64.29411766
26023,2015,7,15,63.34430911
26025,2015,7,15,62.79720668
26027,2015,7,15,63.29758249
26029,2015,7,15,54.55812624
26003,2015,7,15,52.34746426
26031,2015,7,15,53.74812792
26033,2015,7,15,53.59058674
26035,2015,7,15,57.81489996
26037,2015,7,15,61.37477228
26039,2015,7,15,55.58940369
26041,2015,7,15,51.88679637
26043,2015,7,15,59.28472683
26045,2015,7,15,61.44184758
26047,2015,7,15,54.19762027
26049,2015,7,15,59.35338728
26005,2015,7,15,63.89066355
26051,2015,7,15,56.70844269
26053,2015,7,15,58.11048282
26055,2015,7,15,56.80814198
26057,2015,7,15,59.75050703
26059,2015,7,15,62.91135791
26061,2015,7,15,56.6756984
26063,2015,7,15,55.92576917
26065,2015,7,15,61.4319335
26067,2015,7,15,61.29152768
26069,2015,7,15,55.06272741
26007,2015,7,15,54.04459343
26071,2015,7,15,59.08518475
26073,2015,7,15,60.55772001
26075,2015,7,15,62.55080124
26077,2015,7,15,63.03945802
26079,2015,7,15,56.43637051
26081,2015,7,15,61.22369589
26083,2015,7,15,55.308941
26085,2015,7,15,59.76821496
26087,2015,7,15,58.82797442
26089,2015,7,15,57.25391558
26009,2015,7,15,55.6708888
26091,2015,7,15,63.41796206
26093,2015,7,15,60.78622412
26095,2015,7,15,53.900253
26097,2015,7,15,53.33611539
26099,2015,7,15,60.29628129
27001,2015,7,15,53.47368435
27101,2015,7,15,
27103,2015,7,15,
27105,2015,7,15,
27107,2015,7,15,
27109,2015,7,15,54.51886056
27011,2015,7,15,
27111,2015,7,15,
27113,2015,7,15,
27115,2015,7,15,54.76259807
27117,2015,7,15,
27119,2015,7,15,
27121,2015,7,15,
27123,2015,7,15,45.68383336
27125,2015,7,15,
27127,2015,7,15,
27129,2015,7,15,
27131,2015,7,15,52.32713658
27133,2015,7,15,
27135,2015,7,15,
27137,2015,7,15,49.49258379
27139,2015,7,15,46.0025917
27141,2015,7,15,55.16534111
27143,2015,7,15,
27145,2015,7,15,
27147,2015,7,15,53.10806888
27149,2015,7,15,
27015,2015,7,15,
27151,2015,7,15,
27153,2015,7,15,
27155,2015,7,15,
27157,2015,7,15,53.66981163
27159,2015,7,15,
27161,2015,7,15,
27163,2015,7,15,46.1593357
27165,2015,7,15,
27167,2015,7,15,
27169,2015,7,15,50.32169613
27017,2015,7,15,48.74051417
27171,2015,7,15,54.153439
27173,2015,7,15,
27019,2015,7,15,45.544273
27021,2015,7,15,54.829514
27023,2015,7,15,
27025,2015,7,15,53.33295647
27027,2015,7,15,
27029,2015,7,15,
27003,2015,7,15,49.87040792
27031,2015,7,15,51.847748
27033,2015,7,15,
27035,2015,7,15,52.72442358
27037,2015,7,15,46.2397034
27039,2015,7,15,54.03817513
27041,2015,7,15,
27043,2015,7,15,
27045,2015,7,15,51.11323788
27047,2015,7,15,54.48548238
27049,2015,7,15,52.62829083
27005,2015,7,15,
27051,2015,7,15,
27053,2015,7,15,46.3204162
27055,2015,7,15,48.91974545
27057,2015,7,15,
27059,2015,7,15,55.02106802
27061,2015,7,15,54.56256243
27063,2015,7,15,
27065,2015,7,15,55.3210783
27067,2015,7,15,
27069,2015,7,15,
27007,2015,7,15,
27071,2015,7,15,42.68157114
27073,2015,7,15,
27075,2015,7,15,50.82153315
27077,2015,7,15,
27079,2015,7,15,
27081,2015,7,15,
27083,2015,7,15,
27085,2015,7,15,
27087,2015,7,15,
27089,2015,7,15,
27009,2015,7,15,
27091,2015,7,15,
27093,2015,7,15,
27095,2015,7,15,54.73927964
27097,2015,7,15,
27099,2015,7,15,53.47984734
28001,2015,7,15,
28101,2015,7,15,77.34668121
28103,2015,7,15,74.100136
28105,2015,7,15,71.73451353
28107,2015,7,15,68.96145176
28109,2015,7,15,80.1198519
28011,2015,7,15,70.6934061
28111,2015,7,15,79.87562799
28113,2015,7,15,
28115,2015,7,15,67.65550743
28117,2015,7,15,66.41543235
28119,2015,7,15,69.05886686
28121,2015,7,15,75.64712885
28123,2015,7,15,75.49737956
28125,2015,7,15,
28127,2015,7,15,78.75306281
28129,2015,7,15,78.31784227
28013,2015,7,15,70.69404484
28131,2015,7,15,80.38267122
28133,2015,7,15,70.5355884
28135,2015,7,15,70.43050999
28137,2015,7,15,70.01254998
28139,2015,7,15,68.65465484
28141,2015,7,15,65.92442627
28143,2015,7,15,69.074532
28145,2015,7,15,68.17551829
28147,2015,7,15,79.32946
28149,2015,7,15,
28015,2015,7,15,71.68167116
28151,2015,7,15,
28153,2015,7,15,78.21730458
28155,2015,7,15,71.67658718
28157,2015,7,15,
28159,2015,7,15,69.78518202
28161,2015,7,15,70.3532986
28163,2015,7,15,72.5584194
28017,2015,7,15,67.69077389
28019,2015,7,15,74.32256115
28021,2015,7,15,
28023,2015,7,15,77.11761636
28025,2015,7,15,72.34311207
28027,2015,7,15,68.73531666
28029,2015,7,15,75.496956
28003,2015,7,15,63.33070646
28031,2015,7,15,79.51859248
28033,2015,7,15,69.8277893
28035,2015,7,15,78.64897333
28037,2015,7,15,
28039,2015,7,15,81.0420317
28041,2015,7,15,80.7721689
28043,2015,7,15,70.791885
28045,2015,7,15,81.28142223
28047,2015,7,15,81.73563385
28049,2015,7,15,75.24688563
28005,2015,7,15,
28051,2015,7,15,72.00229473
28053,2015,7,15,72.988449
28055,2015,7,15,
28057,2015,7,15,70.36661372
28059,2015,7,15,83.10933388
28061,2015,7,15,79.29201298
28063,2015,7,15,
28065,2015,7,15,79.47689811
28067,2015,7,15,79.17967377
28069,2015,7,15,72.20221466
28007,2015,7,15,72.40271147
28071,2015,7,15,71.10868169
28073,2015,7,15,78.63392323
28075,2015,7,15,75.52781398
5103,2015,7,15,
28077,2015,7,15,79.53548999
28079,2015,7,15,74.23345024
28081,2015,7,15,67.09865585
28083,2015,7,15,70.43426653
28085,2015,7,15,
28087,2015,7,15,69.29164693
28089,2015,7,15,74.18112959
28009,2015,7,15,70.66846522
28091,2015,7,15,78.43478034
28093,2015,7,15,69.68512035
28095,2015,7,15,66.92018221
28097,2015,7,15,71.7896692
28099,2015,7,15,75.76932015
29001,2015,7,15,
29101,2015,7,15,
29103,2015,7,15,63.92920734
29105,2015,7,15,
29107,2015,7,15,
29109,2015,7,15,
29011,2015,7,15,
29111,2015,7,15,64.22972549
29113,2015,7,15,64.69080206
29115,2015,7,15,
29117,2015,7,15,
29119,2015,7,15,
29121,2015,7,15,
29123,2015,7,15,66.65860621
29125,2015,7,15,62.698311
29127,2015,7,15,64.60463911
29129,2015,7,15,
29013,2015,7,15,
29131,2015,7,15,
29133,2015,7,15,71.03420289
29135,2015,7,15,
29137,2015,7,15,64.503029
29139,2015,7,15,64.17326
29141,2015,7,15,
29143,2015,7,15,69.95829355
29145,2015,7,15,
29147,2015,7,15,
29149,2015,7,15,64.81033797
29015,2015,7,15,
29151,2015,7,15,62.57057272
29153,2015,7,15,
29155,2015,7,15,70.35054951
29157,2015,7,15,63.73598605
29159,2015,7,15,
29161,2015,7,15,63.52299831
29163,2015,7,15,65.02232796
29165,2015,7,15,
29167,2015,7,15,
29169,2015,7,15,
29017,2015,7,15,67.37291169
29171,2015,7,15,
29173,2015,7,15,64.42516994
29175,2015,7,15,
29177,2015,7,15,
29179,2015,7,15,64.2073774
29181,2015,7,15,65.88351736
29183,2015,7,15,66.33110169
29185,2015,7,15,
29186,2015,7,15,63.16658113
29187,2015,7,15,65.12932313
29189,2015,7,15,66.19302812
29019,2015,7,15,
29195,2015,7,15,
29197,2015,7,15,
29199,2015,7,15,63.311085
29201,2015,7,15,69.99791179
29203,2015,7,15,64.79442524
29205,2015,7,15,64.38042478
29207,2015,7,15,69.35896731
29209,2015,7,15,
29021,2015,7,15,
29211,2015,7,15,
29213,2015,7,15,
29215,2015,7,15,
29217,2015,7,15,
29219,2015,7,15,62.71813728
29221,2015,7,15,64.69354831
29223,2015,7,15,66.2847566
29225,2015,7,15,
29227,2015,7,15,
29229,2015,7,15,
29023,2015,7,15,65.65911912
29025,2015,7,15,
29027,2015,7,15,64.31461296
29029,2015,7,15,
29003,2015,7,15,
29031,2015,7,15,70.28306499
29033,2015,7,15,
29035,2015,7,15,65.40293276
29037,2015,7,15,
29039,2015,7,15,
29041,2015,7,15,
29043,2015,7,15,
29045,2015,7,15,64.10467341
29047,2015,7,15,
29049,2015,7,15,
29005,2015,7,15,
29051,2015,7,15,
29510,2015,7,15,65.17195557
29053,2015,7,15,
29055,2015,7,15,63.51442195
29057,2015,7,15,
29059,2015,7,15,
29061,2015,7,15,
29063,2015,7,15,
29065,2015,7,15,65.1310668
29067,2015,7,15,
29069,2015,7,15,69.74665578
29007,2015,7,15,64.94618108
29071,2015,7,15,62.96647186
29073,2015,7,15,62.61591503
29075,2015,7,15,
29077,2015,7,15,
29079,2015,7,15,
29081,2015,7,15,
29083,2015,7,15,
29085,2015,7,15,
29087,2015,7,15,
29089,2015,7,15,
29009,2015,7,15,
29091,2015,7,15,
29093,2015,7,15,64.86471475
29095,2015,7,15,
29097,2015,7,15,
29099,2015,7,15,65.44149977
30001,2015,7,15,42.72751721
30101,2015,7,15,44.03061483
30103,2015,7,15,50.910732
30105,2015,7,15,27.68447683
30107,2015,7,15,29.500259
30109,2015,7,15,59.770687
30011,2015,7,15,34.949413
30111,2015,7,15,34.97371092
30013,2015,7,15,47.86862259
30015,2015,7,15,43.65863325
30017,2015,7,15,47.34994183
30019,2015,7,15,52.188416
30021,2015,7,15,57.36028507
30023,2015,7,15,45.97080004
30025,2015,7,15,51.205479
5105,2015,7,15,
30027,2015,7,15,39.94657371
30029,2015,7,15,45.56954809
30003,2015,7,15,34.11990091
30031,2015,7,15,31.15051541
30033,2015,7,15,15.540335
30035,2015,7,15,45.8112213
30037,2015,7,15,40.103168
30039,2015,7,15,47.739178
30041,2015,7,15,43.16902947
30043,2015,7,15,45.7784044
30045,2015,7,15,26.66699
30047,2015,7,15,35.82749195
30049,2015,7,15,48.73278176
30005,2015,7,15,21.79222916
30051,2015,7,15,49.170761
30053,2015,7,15,47.82342415
30055,2015,7,15,49.882607
30057,2015,7,15,34.1404283
30059,2015,7,15,36.452473
30061,2015,7,15,43.90984916
30063,2015,7,15,40.34392012
30065,2015,7,15,35.20026176
30067,2015,7,15,39.86232991
30069,2015,7,15,18.793734
30007,2015,7,15,46.891071
30071,2015,7,15,14.476697
30073,2015,7,15,42.66778691
30075,2015,7,15,49.277088
30077,2015,7,15,48.08590193
30079,2015,7,15,40.54837
30081,2015,7,15,52.81867916
30083,2015,7,15,40.11856449
30085,2015,7,15,31.08951777
30087,2015,7,15,31.06461216
30089,2015,7,15,46.6320811
30009,2015,7,15,45.65929713
30091,2015,7,15,52.5824637
30093,2015,7,15,44.801674
30095,2015,7,15,49.69335973
30097,2015,7,15,21.242764
30099,2015,7,15,43.22970399
31001,2015,7,15,67.32117925
31101,2015,7,15,58.342426
31103,2015,7,15,21.451639
31105,2015,7,15,67.713821
31107,2015,7,15,44.75894046
31109,2015,7,15,45.38171922
31011,2015,7,15,42.507355
31111,2015,7,15,62.30940668
31113,2015,7,15,65.98967
31115,2015,7,15,47.485813
31117,2015,7,15,57.017029
31119,2015,7,15,19.93197869
31121,2015,7,15,59.12261567
31123,2015,7,15,71.501549
31125,2015,7,15,48.27634
31127,2015,7,15,
31129,2015,7,15,68.11906797
31013,2015,7,15,64.93370072
31131,2015,7,15,55.27158253
31133,2015,7,15,42.951916
31135,2015,7,15,51.132698
31137,2015,7,15,65.305809
31139,2015,7,15,24.7019142
31141,2015,7,15,41.00087278
31143,2015,7,15,50.38559452
31145,2015,7,15,61.063709
31147,2015,7,15,42.951916
31149,2015,7,15,29.973721
31015,2015,7,15,25.507544
31151,2015,7,15,49.31900404
31153,2015,7,15,45.253189
31155,2015,7,15,51.39129554
31157,2015,7,15,73.14692153
31159,2015,7,15,51.62984173
31161,2015,7,15,58.63702287
31163,2015,7,15,48.987499
31165,2015,7,15,56.305843
31167,2015,7,15,22.38727423
31169,2015,7,15,70.34102372
31017,2015,7,15,19.305759
31171,2015,7,15,44.713997
31173,2015,7,15,
31175,2015,7,15,49.84292032
31177,2015,7,15,
31179,2015,7,15,19.523014
31181,2015,7,15,59.75245744
31183,2015,7,15,28.308416
31185,2015,7,15,57.48513994
31019,2015,7,15,63.99441845
31021,2015,7,15,
31023,2015,7,15,51.046561
31025,2015,7,15,46.81046889
31027,2015,7,15,33.41278575
31029,2015,7,15,62.588367
31003,2015,7,15,24.64981566
31031,2015,7,15,20.9843694
31033,2015,7,15,63.6733421
31035,2015,7,15,67.71976579
31037,2015,7,15,45.28338829
31039,2015,7,15,29.44291995
31041,2015,7,15,57.5466811
31043,2015,7,15,
31045,2015,7,15,69.622887
31047,2015,7,15,62.88109803
31049,2015,7,15,58.451157
31005,2015,7,15,60.320026
31051,2015,7,15,21.93401306
31053,2015,7,15,48.8678052
31055,2015,7,15,53.52258435
31057,2015,7,15,64.123978
31059,2015,7,15,53.02540216
31061,2015,7,15,54.66924987
31063,2015,7,15,61.035385
31065,2015,7,15,63.52932
31067,2015,7,15,49.13233817
31069,2015,7,15,60.970051
31007,2015,7,15,72.634125
31071,2015,7,15,46.357639
31073,2015,7,15,62.408218
31075,2015,7,15,58.04015
31077,2015,7,15,48.976334
31079,2015,7,15,64.50667382
31081,2015,7,15,66.73086555
31083,2015,7,15,59.719296
31085,2015,7,15,53.555305
31087,2015,7,15,60.012508
31089,2015,7,15,43.86465336
31009,2015,7,15,46.459538
31091,2015,7,15,37.346405
31093,2015,7,15,49.79084687
31095,2015,7,15,48.87449751
31097,2015,7,15,50.59187627
31099,2015,7,15,65.57711616
32001,2015,7,15,
32011,2015,7,15,64.174294
32013,2015,7,15,
32015,2015,7,15,64.868896
32017,2015,7,15,77.35003853
32019,2015,7,15,
32021,2015,7,15,
32023,2015,7,15,73.88553395
32027,2015,7,15,
32029,2015,7,15,
32003,2015,7,15,73.79057941
32031,2015,7,15,
32033,2015,7,15,75.56831659
32005,2015,7,15,
32510,2015,7,15,
32007,2015,7,15,62.19533037
32009,2015,7,15,
33001,2015,7,15,
33011,2015,7,15,
33013,2015,7,15,
33015,2015,7,15,
33017,2015,7,15,
33019,2015,7,15,59.05911279
33003,2015,7,15,
33005,2015,7,15,51.83407579
33007,2015,7,15,
33009,2015,7,15,
34001,2015,7,15,31.77514771
34011,2015,7,15,29.63276514
34013,2015,7,15,24.15379773
34015,2015,7,15,29.55055453
34017,2015,7,15,12.82346312
34019,2015,7,15,35.94132433
34021,2015,7,15,23.39529995
34023,2015,7,15,19.09246687
34025,2015,7,15,18.40087551
34027,2015,7,15,34.22831553
34029,2015,7,15,23.71420757
34003,2015,7,15,29.6717237
34031,2015,7,15,32.61721643
34033,2015,7,15,27.13037701
34035,2015,7,15,29.0863831
34037,2015,7,15,36.52172452
34039,2015,7,15,21.6799363
34041,2015,7,15,40.21157021
34005,2015,7,15,26.77866749
34007,2015,7,15,29.25733388
34009,2015,7,15,24.36886574
35001,2015,7,15,52.83212377
35011,2015,7,15,79.885544
35013,2015,7,15,81.30275016
35015,2015,7,15,85.09053958
35017,2015,7,15,78.67452655
35019,2015,7,15,78.255112
35021,2015,7,15,80.867317
35023,2015,7,15,86.07873675
35025,2015,7,15,86.80025551
35027,2015,7,15,45.01739117
35028,2015,7,15,51.64344375
35029,2015,7,15,86.11959448
35003,2015,7,15,33.609707
35031,2015,7,15,68.47933702
35033,2015,7,15,69.961273
35035,2015,7,15,62.55372434
35037,2015,7,15,81.44350012
35039,2015,7,15,59.70601711
35041,2015,7,15,82.69599346
35043,2015,7,15,48.14549077
35045,2015,7,15,69.10300779
35047,2015,7,15,66.43663918
35049,2015,7,15,67.09438733
35005,2015,7,15,77.62217745
35051,2015,7,15,58.11332571
35053,2015,7,15,64.77002338
35055,2015,7,15,89.43319101
35057,2015,7,15,80.54917596
35059,2015,7,15,74.726143
35006,2015,7,15,62.20304524
35061,2015,7,15,73.11263712
35007,2015,7,15,80.58465352
35009,2015,7,15,80.15035555
36001,2015,7,15,51.23729229
36101,2015,7,15,28.29308692
36103,2015,7,15,24.90295428
36105,2015,7,15,34.04219548
36107,2015,7,15,22.93026006
36109,2015,7,15,24.28455314
36011,2015,7,15,43.37677331
36111,2015,7,15,48.30443096
36113,2015,7,15,57.94891249
36115,2015,7,15,58.51844137
36117,2015,7,15,49.15975186
36119,2015,7,15,28.56392612
36121,2015,7,15,48.06096845
36123,2015,7,15,35.33885606
36013,2015,7,15,53.10899724
36015,2015,7,15,23.47609446
36017,2015,7,15,23.59179952
36019,2015,7,15,57.29581121
36021,2015,7,15,48.20683202
36023,2015,7,15,24.50536283
36025,2015,7,15,20.5013055
36027,2015,7,15,52.23687853
36029,2015,7,15,54.60541034
36003,2015,7,15,33.64008608
36031,2015,7,15,57.8723085
36033,2015,7,15,55.53726916
36035,2015,7,15,35.10133055
36037,2015,7,15,53.87049105
36039,2015,7,15,36.69768304
36041,2015,7,15,57.42963909
36043,2015,7,15,50.30000064
36045,2015,7,15,55.72766025
36047,2015,7,15,7.026332303
36049,2015,7,15,57.63506857
36005,2015,7,15,20.84467032
36051,2015,7,15,41.73485108
36053,2015,7,15,43.58570242
36055,2015,7,15,52.96131984
36057,2015,7,15,28.57224531
36059,2015,7,15,15.06627041
36061,2015,7,15,13.6429136
36063,2015,7,15,56.05524568
36065,2015,7,15,52.55918121
36067,2015,7,15,49.40331303
36069,2015,7,15,40.262396
36007,2015,7,15,20.14487238
36071,2015,7,15,45.03737046
36073,2015,7,15,55.91394378
36075,2015,7,15,53.50497263
36077,2015,7,15,20.66865857
36079,2015,7,15,45.86563587
36081,2015,7,15,13.58470999
36083,2015,7,15,53.97337093
36085,2015,7,15,9.494844774
36087,2015,7,15,35.57787825
36089,2015,7,15,55.35020414
36009,2015,7,15,51.39278613
36091,2015,7,15,53.50884653
36093,2015,7,15,48.49424443
36095,2015,7,15,20.26539632
36097,2015,7,15,27.72232335
36099,2015,7,15,38.61824887
37001,2015,7,15,54.19548965
37101,2015,7,15,47.92969567
37103,2015,7,15,64.84617044
37105,2015,7,15,50.87515845
37107,2015,7,15,62.49886625
37109,2015,7,15,40.91324827
37011,2015,7,15,49.24545227
37111,2015,7,15,56.77012672
37113,2015,7,15,62.31801527
37115,2015,7,15,39.7451906
37117,2015,7,15,60.05213918
37119,2015,7,15,40.35085964
37121,2015,7,15,55.95147938
37123,2015,7,15,52.70153706
37125,2015,7,15,55.60396969
37127,2015,7,15,51.03469221
37129,2015,7,15,61.93562632
37013,2015,7,15,62.73186337
37131,2015,7,15,50.92789055
37133,2015,7,15,65.53299228
37135,2015,7,15,53.36067654
37137,2015,7,15,62.074528
37139,2015,7,15,60.83867606
37141,2015,7,15,64.97011546
37143,2015,7,15,61.86977186
37145,2015,7,15,50.54411781
37147,2015,7,15,60.4779659
37149,2015,7,15,57.28011823
37015,2015,7,15,59.68365283
37151,2015,7,15,46.2268255
37153,2015,7,15,55.32483766
37155,2015,7,15,50.29947772
37157,2015,7,15,59.15755131
37159,2015,7,15,39.49180505
37161,2015,7,15,57.11644542
37163,2015,7,15,56.2936521
37165,2015,7,15,51.5030584
37167,2015,7,15,48.59725398
37169,2015,7,15,50.95575551
37017,2015,7,15,56.05049239
37171,2015,7,15,48.92766134
37173,2015,7,15,58.16726479
37175,2015,7,15,59.60636516
37177,2015,7,15,62.930122
37179,2015,7,15,45.20850917
37181,2015,7,15,51.29574159
37183,2015,7,15,43.61379711
37185,2015,7,15,49.11302888
37187,2015,7,15,61.87957383
37189,2015,7,15,39.45076664
37019,2015,7,15,65.50432529
37191,2015,7,15,59.02076302
37193,2015,7,15,46.9923559
37195,2015,7,15,49.73547495
37197,2015,7,15,48.72197538
37199,2015,7,15,53.21368325
37021,2015,7,15,47.83260643
37023,2015,7,15,46.46576932
37025,2015,7,15,37.30010888
37027,2015,7,15,42.05076469
37029,2015,7,15,59.45807962
37003,2015,7,15,42.50579381
37031,2015,7,15,65.48398104
37033,2015,7,15,48.78756628
37035,2015,7,15,40.55366248
37037,2015,7,15,50.82611236
37039,2015,7,15,53.54631031
37041,2015,7,15,62.37591887
37043,2015,7,15,61.3637172
37045,2015,7,15,47.644414
37047,2015,7,15,65.66974172
37049,2015,7,15,61.73329151
37005,2015,7,15,50.361324
37051,2015,7,15,56.50972735
37053,2015,7,15,59.65228271
37055,2015,7,15,61.96386808
37057,2015,7,15,42.41772258
37059,2015,7,15,45.99557398
37061,2015,7,15,59.06380242
37063,2015,7,15,50.49176392
37065,2015,7,15,50.90044456
37067,2015,7,15,48.15774852
37069,2015,7,15,46.94469421
37007,2015,7,15,55.53190407
37071,2015,7,15,46.81145659
37073,2015,7,15,55.68928007
37075,2015,7,15,58.68644206
37077,2015,7,15,51.62023883
37079,2015,7,15,61.07751895
37081,2015,7,15,51.77257397
37083,2015,7,15,52.12375052
37085,2015,7,15,52.3003676
37087,2015,7,15,58.31844232
37089,2015,7,15,53.95959175
37009,2015,7,15,33.72623974
37091,2015,7,15,52.58687176
37093,2015,7,15,56.02633936
37095,2015,7,15,57.199875
37097,2015,7,15,38.22890179
37099,2015,7,15,57.92811058
38001,2015,7,15,40.833172
38101,2015,7,15,56.52876845
38103,2015,7,15,54.25525757
38105,2015,7,15,51.13127535
38011,2015,7,15,46.906208
38013,2015,7,15,56.072971
38015,2015,7,15,53.48670701
38017,2015,7,15,
38019,2015,7,15,
38021,2015,7,15,61.33329671
38023,2015,7,15,53.813057
38025,2015,7,15,56.138729
38027,2015,7,15,55.041283
38029,2015,7,15,62.706043
38003,2015,7,15,
38031,2015,7,15,55.041283
38033,2015,7,15,58.220615
38035,2015,7,15,
38037,2015,7,15,53.057693
38039,2015,7,15,
38041,2015,7,15,50.01910953
38043,2015,7,15,57.946426
38045,2015,7,15,39.3484749
38047,2015,7,15,52.380589
38049,2015,7,15,51.12899223
38005,2015,7,15,55.041283
38051,2015,7,15,52.705513
38053,2015,7,15,45.54312143
38055,2015,7,15,53.71311207
38057,2015,7,15,49.8251181
38059,2015,7,15,52.77919619
38061,2015,7,15,48.70533211
38063,2015,7,15,
38065,2015,7,15,49.913544
38067,2015,7,15,
38069,2015,7,15,
38007,2015,7,15,56.602524
38071,2015,7,15,
38073,2015,7,15,
38075,2015,7,15,55.890266
38077,2015,7,15,
38079,2015,7,15,
38081,2015,7,15,
38083,2015,7,15,29.300657
38085,2015,7,15,58.3771947
38087,2015,7,15,39.25956
38089,2015,7,15,52.43392966
38009,2015,7,15,56.86752038
38091,2015,7,15,
38093,2015,7,15,61.85857123
38095,2015,7,15,
38097,2015,7,15,
38099,2015,7,15,
39001,2015,7,15,48.94241911
39101,2015,7,15,39.9155712
39103,2015,7,15,36.37017089
39105,2015,7,15,37.38405904
39107,2015,7,15,66.11003139
39109,2015,7,15,65.7348241
39011,2015,7,15,60.4560683
39111,2015,7,15,35.31695627
39113,2015,7,15,65.15117447
39115,2015,7,15,40.04924105
39117,2015,7,15,44.44544598
39119,2015,7,15,38.80751039
39121,2015,7,15,50.2896003
39123,2015,7,15,58.29113975
39125,2015,7,15,64.47662504
39127,2015,7,15,38.63817816
39129,2015,7,15,44.76589956
39013,2015,7,15,33.91993779
39131,2015,7,15,38.36432119
39133,2015,7,15,52.97118001
39135,2015,7,15,65.12489498
39137,2015,7,15,61.84959943
39139,2015,7,15,35.09715676
39141,2015,7,15,38.6451031
39143,2015,7,15,51.62712988
39145,2015,7,15,38.78917319
39147,2015,7,15,42.97382773
39149,2015,7,15,60.81089695
39015,2015,7,15,48.61470065
39151,2015,7,15,49.28731635
39153,2015,7,15,56.15807281
39155,2015,7,15,40.42654401
39157,2015,7,15,41.19614427
39159,2015,7,15,44.24652716
39161,2015,7,15,65.45132352
39163,2015,7,15,43.7754284
39165,2015,7,15,63.04615829
39167,2015,7,15,50.84354435
39169,2015,7,15,40.44008268
39017,2015,7,15,62.87825437
39171,2015,7,15,63.92660308
39173,2015,7,15,63.25306219
39175,2015,7,15,46.90676616
39019,2015,7,15,40.19023012
39021,2015,7,15,54.39954204
39023,2015,7,15,59.88719236
39025,2015,7,15,54.44930598
39027,2015,7,15,47.61718959
39029,2015,7,15,32.64511375
39003,2015,7,15,58.26240406
39031,2015,7,15,35.78660763
39033,2015,7,15,30.90258922
39035,2015,7,15,51.01035297
39037,2015,7,15,66.40365704
39039,2015,7,15,63.61564072
39041,2015,7,15,46.61812803
39043,2015,7,15,57.95104307
39045,2015,7,15,49.7907088
39047,2015,7,15,47.76403127
39049,2015,7,15,48.47142326
39005,2015,7,15,36.00796796
39051,2015,7,15,63.61291197
39053,2015,7,15,44.80654337
39055,2015,7,15,48.50865842
39057,2015,7,15,60.90129983
39059,2015,7,15,45.1495149
39061,2015,7,15,59.31337126
39063,2015,7,15,62.45490546
39065,2015,7,15,54.59312455
39067,2015,7,15,35.22347865
39069,2015,7,15,63.44278905
39007,2015,7,15,48.84818848
39071,2015,7,15,46.07936394
39073,2015,7,15,44.4004069
39075,2015,7,15,38.24001136
39077,2015,7,15,51.91460747
39079,2015,7,15,43.47027387
39081,2015,7,15,30.6696245
39083,2015,7,15,37.40285448
39085,2015,7,15,48.88754606
39087,2015,7,15,43.58285139
39089,2015,7,15,43.00511633
39009,2015,7,15,39.99030534
39091,2015,7,15,47.41655749
39093,2015,7,15,36.06422884
39095,2015,7,15,62.66642128
39097,2015,7,15,50.05535723
39099,2015,7,15,34.18059941
4001,2015,7,15,64.43826886
4011,2015,7,15,81.53032187
4012,2015,7,15,77.41369525
4013,2015,7,15,76.76186721
4015,2015,7,15,77.38371227
4017,2015,7,15,55.56016796
4019,2015,7,15,77.28161812
4021,2015,7,15,76.80627405
4023,2015,7,15,69.34891182
4025,2015,7,15,77.15739991
4027,2015,7,15,79.68785342
4003,2015,7,15,43.38759336
4005,2015,7,15,74.73831427
4007,2015,7,15,79.22540187
4009,2015,7,15,81.98453009
40001,2015,7,15,78.98244365
40101,2015,7,15,78.79229882
40103,2015,7,15,77.03894
40105,2015,7,15,77.46535251
40107,2015,7,15,80.01345905
40109,2015,7,15,80.25046681
40011,2015,7,15,80.34759596
40111,2015,7,15,78.98620505
40113,2015,7,15,77.96049324
40115,2015,7,15,77.53221205
40117,2015,7,15,78.06430065
40119,2015,7,15,77.48694191
40121,2015,7,15,80.66918691
40123,2015,7,15,81.62507931
40125,2015,7,15,80.63957592
40127,2015,7,15,82.06824318
40129,2015,7,15,80.841805
40013,2015,7,15,82.76930293
40131,2015,7,15,77.99798352
40133,2015,7,15,80.81972114
40135,2015,7,15,79.77531083
40137,2015,7,15,82.77894649
40139,2015,7,15,79.32712913
40141,2015,7,15,83.34907025
40143,2015,7,15,77.8497962
40145,2015,7,15,78.17224182
40147,2015,7,15,77.48768145
40149,2015,7,15,81.53069811
40015,2015,7,15,82.16018437
40151,2015,7,15,76.12456968
40153,2015,7,15,77.80626891
40017,2015,7,15,80.66844521
40019,2015,7,15,81.29198289
40021,2015,7,15,78.65285341
40023,2015,7,15,82.48754243
40025,2015,7,15,77.947067
40027,2015,7,15,81.17376347
40029,2015,7,15,82.33870102
40003,2015,7,15,77.24995131
40031,2015,7,15,83.30602275
40033,2015,7,15,83.271851
40035,2015,7,15,77.54815098
40037,2015,7,15,78.88044375
40039,2015,7,15,81.04275841
40041,2015,7,15,78.11675271
40043,2015,7,15,79.44673652
40045,2015,7,15,78.92814629
40047,2015,7,15,77.73867705
40049,2015,7,15,82.60583609
40005,2015,7,15,82.14229513
40051,2015,7,15,82.33800719
40053,2015,7,15,76.50009328
40055,2015,7,15,82.897766
40057,2015,7,15,82.182793
40059,2015,7,15,77.9239145
40061,2015,7,15,79.94039328
40063,2015,7,15,81.13189901
40065,2015,7,15,82.90880466
40067,2015,7,15,82.87933505
40069,2015,7,15,82.221186
40007,2015,7,15,77.91591814
40071,2015,7,15,77.59358488
40073,2015,7,15,79.54288573
40075,2015,7,15,81.78126164
40077,2015,7,15,79.99769153
40079,2015,7,15,79.99909593
40081,2015,7,15,78.87805705
40083,2015,7,15,78.61381128
40085,2015,7,15,81.38905953
40087,2015,7,15,81.54048464
40089,2015,7,15,82.62473562
40009,2015,7,15,82.36082587
40091,2015,7,15,79.34265082
40093,2015,7,15,78.53628468
40095,2015,7,15,82.05266651
40097,2015,7,15,78.14047846
40099,2015,7,15,82.73260582
41001,2015,7,15,57.42828029
41011,2015,7,15,61.8507611
41013,2015,7,15,
41015,2015,7,15,64.64628183
41017,2015,7,15,
41019,2015,7,15,62.51582473
41021,2015,7,15,
41023,2015,7,15,
41025,2015,7,15,
41027,2015,7,15,
41029,2015,7,15,66.46014173
41003,2015,7,15,58.79751106
41031,2015,7,15,
41033,2015,7,15,66.65677268
41035,2015,7,15,66.92122056
41037,2015,7,15,
41039,2015,7,15,60.39105059
41041,2015,7,15,59.53908894
41043,2015,7,15,58.99432762
41045,2015,7,15,57.97103374
41047,2015,7,15,57.8206811
41049,2015,7,15,
41005,2015,7,15,57.48269929
41051,2015,7,15,57.76941053
41053,2015,7,15,57.41648536
41055,2015,7,15,
41057,2015,7,15,56.93139389
41059,2015,7,15,47.7668925
41061,2015,7,15,55.32847097
41063,2015,7,15,54.2048032
41065,2015,7,15,
41067,2015,7,15,57.69077272
41069,2015,7,15,
41007,2015,7,15,50.92998617
41071,2015,7,15,57.41342798
41009,2015,7,15,57.24992709
42001,2015,7,15,37.18600171
42101,2015,7,15,29.63629339
42103,2015,7,15,34.51662604
42105,2015,7,15,35.75490567
42107,2015,7,15,36.26084015
42109,2015,7,15,37.35012976
42011,2015,7,15,38.63933211
42111,2015,7,15,37.09221123
42113,2015,7,15,24.07500803
42115,2015,7,15,21.78630743
42117,2015,7,15,25.92227467
42119,2015,7,15,36.32823834
42121,2015,7,15,56.99154319
42123,2015,7,15,53.76677928
42125,2015,7,15,42.73451297
42127,2015,7,15,31.97060121
42129,2015,7,15,47.0907191
42013,2015,7,15,39.81702096
42131,2015,7,15,22.9630854
42133,2015,7,15,40.13483059
42015,2015,7,15,21.45914522
42017,2015,7,15,28.56275967
42019,2015,7,15,46.53112058
42021,2015,7,15,40.44139419
42023,2015,7,15,52.234512
42025,2015,7,15,41.57653294
42027,2015,7,15,41.48679225
42029,2015,7,15,39.68682693
42003,2015,7,15,45.58593536
42031,2015,7,15,45.42738433
42033,2015,7,15,48.36582094
42035,2015,7,15,41.20392609
42037,2015,7,15,32.69725435
42039,2015,7,15,56.833296
42041,2015,7,15,37.79893507
42043,2015,7,15,37.56879149
42045,2015,7,15,31.27289738
42047,2015,7,15,52.41193809
42049,2015,7,15,56.69306939
42005,2015,7,15,43.13071207
42051,2015,7,15,45.60662677
42053,2015,7,15,54.5930655
42055,2015,7,15,42.83762818
42057,2015,7,15,37.89428849
42059,2015,7,15,46.53788452
42061,2015,7,15,35.5541616
42063,2015,7,15,46.14211389
42065,2015,7,15,48.78192333
42067,2015,7,15,36.55250355
42069,2015,7,15,28.26639286
42007,2015,7,15,36.76636649
42071,2015,7,15,41.44284989
42073,2015,7,15,41.04076428
42075,2015,7,15,39.87271375
42077,2015,7,15,39.04802573
42079,2015,7,15,28.44958739
42081,2015,7,15,33.11311902
42083,2015,7,15,49.98753318
42085,2015,7,15,48.6867598
42087,2015,7,15,37.79306477
42089,2015,7,15,38.95134507
42009,2015,7,15,35.07088743
42091,2015,7,15,30.15767431
42093,2015,7,15,33.72516084
42095,2015,7,15,40.88822552
42097,2015,7,15,34.60821015
42099,2015,7,15,34.87851681
44001,2015,7,15,
44003,2015,7,15,39.591644
44005,2015,7,15,
44007,2015,7,15,39.591644
44009,2015,7,15,34.00916878
45001,2015,7,15,64.41776586
45011,2015,7,15,71.95488578
45013,2015,7,15,70.34715156
45015,2015,7,15,73.67261346
45017,2015,7,15,62.91264611
45019,2015,7,15,73.97353243
45021,2015,7,15,59.75948318
45023,2015,7,15,58.50000642
45025,2015,7,15,53.87045054
45027,2015,7,15,67.04284823
45029,2015,7,15,69.18609413
45003,2015,7,15,71.34153534
45031,2015,7,15,54.3426725
45033,2015,7,15,45.92861056
45035,2015,7,15,73.30191947
45037,2015,7,15,67.18074839
45039,2015,7,15,56.45757569
45041,2015,7,15,61.10499208
45043,2015,7,15,69.25090705
45045,2015,7,15,54.0921773
45047,2015,7,15,63.81330359
45049,2015,7,15,73.77322197
45005,2015,7,15,74.109299
45051,2015,7,15,65.10137808
45053,2015,7,15,75.45788107
45055,2015,7,15,55.78099828
45057,2015,7,15,51.73568718
45059,2015,7,15,60.61857905
45061,2015,7,15,58.7654346
45063,2015,7,15,59.97166514
45065,2015,7,15,67.01118941
45067,2015,7,15,51.28972803
45069,2015,7,15,53.11657146
45007,2015,7,15,63.49422795
45071,2015,7,15,53.6383195
45073,2015,7,15,66.87159818
45075,2015,7,15,66.48341642
45077,2015,7,15,64.95763272
45079,2015,7,15,56.824114
45081,2015,7,15,59.79523898
45083,2015,7,15,62.81444533
45085,2015,7,15,59.99898262
45087,2015,7,15,66.91493043
45089,2015,7,15,69.03375943
45009,2015,7,15,70.70173995
45091,2015,7,15,57.07088951
46101,2015,7,15,
46103,2015,7,15,58.90700303
46105,2015,7,15,46.276997
46107,2015,7,15,45.716026
46109,2015,7,15,
46011,2015,7,15,
46111,2015,7,15,13.774556
46113,2015,7,15,57.07691462
46115,2015,7,15,49.64868053
46117,2015,7,15,44.358391
46119,2015,7,15,40.019424
46121,2015,7,15,20.59581897
46123,2015,7,15,22.753983
46125,2015,7,15,55.31585565
46127,2015,7,15,
46129,2015,7,15,62.77591487
46013,2015,7,15,51.94637048
46135,2015,7,15,49.49428934
46137,2015,7,15,60.147099
46015,2015,7,15,21.25698435
46017,2015,7,15,27.230928
46019,2015,7,15,45.69875853
46021,2015,7,15,63.645004
46023,2015,7,15,31.25864741
46025,2015,7,15,24.097773
46027,2015,7,15,40.09050948
46029,2015,7,15,
46003,2015,7,15,15.302747
46031,2015,7,15,61.19547113
46033,2015,7,15,56.04508588
46035,2015,7,15,29.722851
46037,2015,7,15,
46039,2015,7,15,
46041,2015,7,15,63.80138391
46043,2015,7,15,33.508034
46045,2015,7,15,46.73221923
46047,2015,7,15,54.98696951
46049,2015,7,15,58.284203
46005,2015,7,15,24.96924761
46051,2015,7,15,
46053,2015,7,15,24.3348611
46055,2015,7,15,41.771858
46057,2015,7,15,
46059,2015,7,15,34.153385
46061,2015,7,15,38.484894
46063,2015,7,15,49.125504
46065,2015,7,15,41.428768
46067,2015,7,15,44.96386282
46069,2015,7,15,37.719254
46007,2015,7,15,49.73440581
46071,2015,7,15,41.47003661
46073,2015,7,15,22.806114
46075,2015,7,15,38.175751
46077,2015,7,15,25.373209
46079,2015,7,15,
46081,2015,7,15,25.1455328
46083,2015,7,15,
46085,2015,7,15,23.76327453
46087,2015,7,15,39.58081877
46089,2015,7,15,62.326977
46009,2015,7,15,59.888519
46091,2015,7,15,
46093,2015,7,15,39.1248782
46095,2015,7,15,29.812727
46097,2015,7,15,18.425264
46099,2015,7,15,
47001,2015,7,15,56.86847396
47101,2015,7,15,67.17595219
47103,2015,7,15,65.45894515
47105,2015,7,15,54.18287014
47107,2015,7,15,53.65145858
47109,2015,7,15,63.44168427
47011,2015,7,15,50.98399077
47111,2015,7,15,69.15000938
47113,2015,7,15,66.77428916
47115,2015,7,15,70.93819503
47117,2015,7,15,67.44833076
47119,2015,7,15,69.57081238
47121,2015,7,15,54.79923479
47123,2015,7,15,52.24070346
47125,2015,7,15,72.18651287
47127,2015,7,15,68.322716
47129,2015,7,15,55.94774805
47013,2015,7,15,48.22351638
47131,2015,7,15,71.50787945
47133,2015,7,15,58.4140458
47135,2015,7,15,70.17578341
47137,2015,7,15,52.937096
47139,2015,7,15,46.72345979
47141,2015,7,15,67.39604453
47143,2015,7,15,56.33888907
47145,2015,7,15,57.40230761
47147,2015,7,15,69.7468459
47149,2015,7,15,68.01519614
47015,2015,7,15,67.03841036
47151,2015,7,15,53.56482869
47153,2015,7,15,71.71339567
47155,2015,7,15,61.51699702
47157,2015,7,15,70.94652868
47159,2015,7,15,68.47115762
47161,2015,7,15,72.17992534
47163,2015,7,15,27.50285344
47165,2015,7,15,68.80532312
47167,2015,7,15,70.47649513
47169,2015,7,15,68.791939
47017,2015,7,15,70.06293966
47171,2015,7,15,38.60937898
47173,2015,7,15,52.40218234
47175,2015,7,15,65.469086
47177,2015,7,15,65.72323458
47179,2015,7,15,33.9776513
47181,2015,7,15,71.82521831
47183,2015,7,15,70.50551273
47185,2015,7,15,68.17332415
47187,2015,7,15,69.77496486
47189,2015,7,15,67.9621552
47019,2015,7,15,34.00116149
47021,2015,7,15,70.19386367
47023,2015,7,15,63.387825
47025,2015,7,15,45.13333797
47027,2015,7,15,69.022285
47029,2015,7,15,58.67811271
47003,2015,7,15,66.78343109
47031,2015,7,15,67.45482145
47033,2015,7,15,68.12781766
47035,2015,7,15,54.89093386
47037,2015,7,15,68.09695429
47039,2015,7,15,68.99986588
47041,2015,7,15,68.97965298
47043,2015,7,15,70.54194428
47045,2015,7,15,71.00706581
47047,2015,7,15,67.96610656
47049,2015,7,15,52.83106566
47005,2015,7,15,72.22739743
47051,2015,7,15,67.68188069
47053,2015,7,15,69.51453311
47055,2015,7,15,67.07378267
47057,2015,7,15,43.1131361
47059,2015,7,15,41.59789292
47061,2015,7,15,71.65996162
47063,2015,7,15,39.488987
47065,2015,7,15,70.72603877
47067,2015,7,15,38.3956099
47069,2015,7,15,63.71595971
47007,2015,7,15,67.7384458
47071,2015,7,15,69.9743048
47073,2015,7,15,44.23637872
47075,2015,7,15,66.17524156
47077,2015,7,15,69.09075915
47079,2015,7,15,71.75771338
47081,2015,7,15,70.23518683
47083,2015,7,15,71.440971
47085,2015,7,15,71.679802
47087,2015,7,15,68.46952881
47089,2015,7,15,52.69417172
47009,2015,7,15,59.70163977
47091,2015,7,15,26.9416583
47093,2015,7,15,61.10962294
47095,2015,7,15,70.42653131
47097,2015,7,15,66.64731345
47099,2015,7,15,69.5121275
48001,2015,7,15,88.4904342
48101,2015,7,15,85.60408
48103,2015,7,15,89.27504
48105,2015,7,15,91.628426
48107,2015,7,15,85.77910074
48109,2015,7,15,80.953011
48011,2015,7,15,83.100792
48111,2015,7,15,82.09166008
48113,2015,7,15,84.89304111
48115,2015,7,15,86.550941
48117,2015,7,15,82.938171
48119,2015,7,15,84.760292
48121,2015,7,15,84.04151548
48123,2015,7,15,90.0141682
48125,2015,7,15,87.669128
48127,2015,7,15,94.14451136
48129,2015,7,15,83.559311
48013,2015,7,15,92.70928717
48131,2015,7,15,91.13077949
48133,2015,7,15,87.57754749
48135,2015,7,15,87.59591648
48137,2015,7,15,95.02504
48139,2015,7,15,86.17553873
48141,2015,7,15,86.82897024
48143,2015,7,15,87.69270231
48145,2015,7,15,87.84710414
48147,2015,7,15,84.162211
48149,2015,7,15,91.11094798
48015,2015,7,15,90.04427851
48151,2015,7,15,88.15093258
48153,2015,7,15,85.18638328
48155,2015,7,15,84.128029
48157,2015,7,15,88.50504673
48159,2015,7,15,84.40775763
48161,2015,7,15,88.57679448
48163,2015,7,15,94.16764275
48165,2015,7,15,86.57000164
48167,2015,7,15,91.13241175
48169,2015,7,15,85.946442
48017,2015,7,15,84.899452
48171,2015,7,15,91.69321698
48173,2015,7,15,88.519676
48175,2015,7,15,89.872177
48177,2015,7,15,91.88941859
48179,2015,7,15,82.83649332
48181,2015,7,15,83.56687886
48183,2015,7,15,85.54548614
48185,2015,7,15,86.89497323
48187,2015,7,15,92.08051722
48189,2015,7,15,85.06501247
48019,2015,7,15,93.07910676
48191,2015,7,15,83.279503
48193,2015,7,15,89.04701272
48195,2015,7,15,80.65468719
48197,2015,7,15,83.112411
48199,2015,7,15,91.7953712
48201,2015,7,15,88.20083092
48203,2015,7,15,84.74085978
48205,2015,7,15,82.762215
48207,2015,7,15,85.49756168
48209,2015,7,15,91.05137404
48021,2015,7,15,90.16781047
48211,2015,7,15,79.553162
48213,2015,7,15,86.76672261
48215,2015,7,15,93.11056167
48217,2015,7,15,86.85568612
48219,2015,7,15,85.88827495
48221,2015,7,15,86.65958215
48223,2015,7,15,84.70706755
48225,2015,7,15,89.4416673
48227,2015,7,15,88.23819366
48229,2015,7,15,86.565018
48023,2015,7,15,85.322113
48231,2015,7,15,84.92588632
48233,2015,7,15,82.2803344
48235,2015,7,15,92.328453
48237,2015,7,15,84.94384905
48239,2015,7,15,90.11036623
48241,2015,7,15,90.83752322
48243,2015,7,15,82.05262
48245,2015,7,15,87.70116964
48247,2015,7,15,94.740471
48249,2015,7,15,89.39505657
48025,2015,7,15,91.01325875
48251,2015,7,15,86.17781006
48253,2015,7,15,87.52593876
48255,2015,7,15,92.28197384
48257,2015,7,15,86.39516549
48259,2015,7,15,91.71451988
48261,2015,7,15,92.101204
48263,2015,7,15,87.11187
48265,2015,7,15,93.28884785
48267,2015,7,15,93.60114995
48269,2015,7,15,85.741875
48027,2015,7,15,88.46823303
48271,2015,7,15,90.457848
48273,2015,7,15,91.3950743
48275,2015,7,15,84.87798919
48277,2015,7,15,84.03741872
48279,2015,7,15,85.51947585
48281,2015,7,15,88.29144742
48283,2015,7,15,94.795258
48285,2015,7,15,89.87571799
48287,2015,7,15,90.05972495
48289,2015,7,15,89.24946268
48029,2015,7,15,92.07026067
48291,2015,7,15,91.22253631
48293,2015,7,15,88.07498445
48295,2015,7,15,78.36372234
48297,2015,7,15,91.45084946
48299,2015,7,15,89.88773236
48003,2015,7,15,87.524338
48301,2015,7,15,78.510506
48303,2015,7,15,85.59681432
48305,2015,7,15,86.28497857
48307,2015,7,15,91.3156109
48309,2015,7,15,88.65386705
48031,2015,7,15,91.58371594
48311,2015,7,15,93.460121
48313,2015,7,15,85.46833343
48315,2015,7,15,83.24336268
48317,2015,7,15,87.88675145
48319,2015,7,15,92.25882
48321,2015,7,15,88.05767572
48323,2015,7,15,92.44203225
48325,2015,7,15,92.42234107
48327,2015,7,15,93.184853
48329,2015,7,15,87.87066014
48033,2015,7,15,87.793022
48331,2015,7,15,89.26917675
48333,2015,7,15,90.41200609
48335,2015,7,15,88.62668199
48337,2015,7,15,83.67824371
48339,2015,7,15,86.88894339
48341,2015,7,15,81.67677687
48343,2015,7,15,83.95144339
48345,2015,7,15,86.086151
48347,2015,7,15,89.18567791
48349,2015,7,15,86.46209782
48035,2015,7,15,88.20299212
48351,2015,7,15,90.37001582
48353,2015,7,15,90.190163
48355,2015,7,15,92.54860237
48357,2015,7,15,78.773758
48359,2015,7,15,82.453987
48361,2015,7,15,88.72512688
48363,2015,7,15,85.93758251
48365,2015,7,15,87.33561999
48367,2015,7,15,86.4512073
48369,2015,7,15,84.40052301
48037,2015,7,15,83.46819965
48371,2015,7,15,89.27760368
48373,2015,7,15,89.07548921
48375,2015,7,15,82.95402401
48377,2015,7,15,84.61849968
48379,2015,7,15,85.87479725
48381,2015,7,15,83.30964534
48383,2015,7,15,91.602997
48385,2015,7,15,96.314651
48387,2015,7,15,83.20854213
48389,2015,7,15,72.70244898
48039,2015,7,15,89.64075499
48391,2015,7,15,89.67606137
48393,2015,7,15,81.282936
48395,2015,7,15,89.20242344
48397,2015,7,15,86.00716557
48399,2015,7,15,90.19216186
48401,2015,7,15,87.09006536
48403,2015,7,15,90.0106134
48405,2015,7,15,89.74747623
48407,2015,7,15,88.30284673
48409,2015,7,15,91.37279264
48041,2015,7,15,87.90150633
48411,2015,7,15,90.06253866
48413,2015,7,15,94.312599
48415,2015,7,15,87.83906577
48417,2015,7,15,86.777565
48419,2015,7,15,88.93737887
48421,2015,7,15,81.683861
48423,2015,7,15,87.4008864
48425,2015,7,15,86.787697
48427,2015,7,15,95.64753657
48429,2015,7,15,86.178345
48043,2015,7,15,69.5837227
48431,2015,7,15,91.415916
48433,2015,7,15,86.644791
48435,2015,7,15,94.53286
48437,2015,7,15,84.51777797
48439,2015,7,15,85.29325101
48441,2015,7,15,88.27112957
48443,2015,7,15,92.607216
48445,2015,7,15,85.805702
48447,2015,7,15,85.20211
48449,2015,7,15,83.89450929
48045,2015,7,15,84.732895
48451,2015,7,15,91.1866984
48453,2015,7,15,90.39105466
48455,2015,7,15,89.51562915
48457,2015,7,15,90.60970257
48459,2015,7,15,85.60167626
48461,2015,7,15,90.11204006
48463,2015,7,15,93.64749562
48465,2015,7,15,90.95358185
48467,2015,7,15,86.27527246
48469,2015,7,15,89.89933791
48047,2015,7,15,92.4914444
48471,2015,7,15,88.4590427
48473,2015,7,15,88.90737225
48475,2015,7,15,86.779205
48477,2015,7,15,90.13392382
48479,2015,7,15,95.47849966
48481,2015,7,15,88.97627052
48483,2015,7,15,81.51893122
48485,2015,7,15,84.03346126
48487,2015,7,15,82.823318
48489,2015,7,15,92.75111793
48049,2015,7,15,89.55700012
48491,2015,7,15,89.75056952
48493,2015,7,15,92.30612182
48495,2015,7,15,86.13845284
48497,2015,7,15,84.70425522
48499,2015,7,15,85.53813591
48005,2015,7,15,90.0702625
48501,2015,7,15,87.27766203
48503,2015,7,15,84.8372443
48505,2015,7,15,95.56501
48507,2015,7,15,94.33130847
48051,2015,7,15,88.49477757
48053,2015,7,15,89.85273426
48055,2015,7,15,91.71558226
48057,2015,7,15,90.60470869
48059,2015,7,15,88.18826876
48061,2015,7,15,89.24773586
48063,2015,7,15,84.708725
48065,2015,7,15,82.81771065
48067,2015,7,15,83.92420958
48069,2015,7,15,84.22414981
48007,2015,7,15,89.55522785
48071,2015,7,15,91.52764391
48073,2015,7,15,88.72519007
48075,2015,7,15,82.483582
48077,2015,7,15,84.55327545
48079,2015,7,15,85.83136
48081,2015,7,15,91.405167
48083,2015,7,15,89.50759343
48085,2015,7,15,83.80021707
48087,2015,7,15,82.600693
48089,2015,7,15,89.66221601
48009,2015,7,15,84.14933854
48091,2015,7,15,91.65331751
48093,2015,7,15,88.94851208
48095,2015,7,15,92.575279
48097,2015,7,15,83.26478057
48099,2015,7,15,88.21882191
49001,2015,7,15,74.84936632
49011,2015,7,15,65.89032446
49013,2015,7,15,66.10952646
49015,2015,7,15,56.16143053
49017,2015,7,15,74.33346005
49019,2015,7,15,75.58387
49021,2015,7,15,76.20286727
49023,2015,7,15,72.536934
49025,2015,7,15,78.06662683
49027,2015,7,15,72.14409905
49029,2015,7,15,69.224678
49003,2015,7,15,57.78629909
49031,2015,7,15,80.437798
49033,2015,7,15,56.84333
49035,2015,7,15,66.34823239
49037,2015,7,15,67.59525845
49039,2015,7,15,74.79892346
49041,2015,7,15,68.31109466
49043,2015,7,15,70.24312588
49045,2015,7,15,69.27063801
49047,2015,7,15,19.86745474
49049,2015,7,15,65.65476107
49005,2015,7,15,49.10873999
49051,2015,7,15,71.585098
49053,2015,7,15,78.16012494
49055,2015,7,15,80.297112
49057,2015,7,15,65.20571144
49007,2015,7,15,50.547844
49009,2015,7,15,33.151691
5001,2015,7,15,
5101,2015,7,15,
5107,2015,7,15,69.13479485
5109,2015,7,15,
5011,2015,7,15,
5111,2015,7,15,68.41491012
5113,2015,7,15,82.11655038
5115,2015,7,15,
5117,2015,7,15,
5119,2015,7,15,
5121,2015,7,15,67.341537
5123,2015,7,15,71.12403883
5125,2015,7,15,
5127,2015,7,15,
5129,2015,7,15,
5013,2015,7,15,
5131,2015,7,15,80.35461815
5133,2015,7,15,82.94068908
5135,2015,7,15,
5137,2015,7,15,
5139,2015,7,15,
5141,2015,7,15,
5143,2015,7,15,
5145,2015,7,15,
5147,2015,7,15,
5149,2015,7,15,
5015,2015,7,15,
5017,2015,7,15,
5019,2015,7,15,
5021,2015,7,15,67.65420035
5023,2015,7,15,
5025,2015,7,15,
5027,2015,7,15,
5029,2015,7,15,
5003,2015,7,15,
5031,2015,7,15,66.84636639
5033,2015,7,15,79.653114
5035,2015,7,15,71.06565964
5037,2015,7,15,70.52267945
5039,2015,7,15,
5041,2015,7,15,
5043,2015,7,15,
5045,2015,7,15,
5047,2015,7,15,
5049,2015,7,15,
5005,2015,7,15,
5051,2015,7,15,
5053,2015,7,15,
5055,2015,7,15,67.76321
5057,2015,7,15,
5059,2015,7,15,
5061,2015,7,15,82.97591744
5063,2015,7,15,
5065,2015,7,15,
5067,2015,7,15,66.808403
5069,2015,7,15,
5007,2015,7,15,
5071,2015,7,15,
5073,2015,7,15,
5075,2015,7,15,68.0379333
5077,2015,7,15,70.16196659
5079,2015,7,15,
5081,2015,7,15,83.02797347
5083,2015,7,15,
5085,2015,7,15,
5087,2015,7,15,
5089,2015,7,15,
5009,2015,7,15,
5091,2015,7,15,83.71958057
5093,2015,7,15,69.46302817
5095,2015,7,15,
5097,2015,7,15,
5099,2015,7,15,
50001,2015,7,15,57.72176133
50011,2015,7,15,57.58356369
50013,2015,7,15,57.14652985
50015,2015,7,15,58.021854
50017,2015,7,15,58.163021
50019,2015,7,15,
50021,2015,7,15,58.96249123
50023,2015,7,15,57.68855971
50025,2015,7,15,54.44362642
50027,2015,7,15,59.44079256
50003,2015,7,15,57.35483987
50005,2015,7,15,
50007,2015,7,15,57.93806469
50009,2015,7,15,
51001,2015,7,15,53.67915252
51101,2015,7,15,50.74536484
51103,2015,7,15,51.84362543
51105,2015,7,15,41.39794673
51107,2015,7,15,49.6699533
51109,2015,7,15,50.55545454
51011,2015,7,15,43.64195707
51111,2015,7,15,40.89332534
51113,2015,7,15,42.30032021
51115,2015,7,15,54.92699317
51117,2015,7,15,44.14454559
51119,2015,7,15,49.4812626
51121,2015,7,15,43.62098605
51125,2015,7,15,51.46174419
51127,2015,7,15,44.52295046
51013,2015,7,15,48.29015907
51131,2015,7,15,56.68230378
51133,2015,7,15,53.76124856
51135,2015,7,15,39.4626015
51137,2015,7,15,48.76230384
51139,2015,7,15,48.51925477
51141,2015,7,15,49.65431859
51143,2015,7,15,47.09951323
51145,2015,7,15,52.36279447
51147,2015,7,15,44.93805585
51149,2015,7,15,52.51369518
51015,2015,7,15,42.92940527
51153,2015,7,15,47.62759673
51155,2015,7,15,34.78874623
51157,2015,7,15,47.49331857
51159,2015,7,15,52.70148253
51161,2015,7,15,47.25597135
51163,2015,7,15,46.91060734
51165,2015,7,15,45.04143611
51167,2015,7,15,31.57183201
51169,2015,7,15,31.39715476
51017,2015,7,15,45.454742
51171,2015,7,15,41.88020333
51173,2015,7,15,27.57590917
51175,2015,7,15,53.85378331
51177,2015,7,15,55.52304516
51179,2015,7,15,53.097466
51181,2015,7,15,57.60860858
51183,2015,7,15,57.05627747
51185,2015,7,15,34.58784624
51187,2015,7,15,45.64962023
51019,2015,7,15,44.41043932
51191,2015,7,15,27.49566077
51193,2015,7,15,52.68799754
51195,2015,7,15,38.6696258
51197,2015,7,15,36.58324592
51199,2015,7,15,55.61825961
51021,2015,7,15,37.422016
51023,2015,7,15,46.62265336
51025,2015,7,15,50.49843869
51027,2015,7,15,33.7400855
51029,2015,7,15,48.52735835
51003,2015,7,15,50.36143807
51031,2015,7,15,41.27652438
51033,2015,7,15,54.93999383
51035,2015,7,15,42.07992152
51036,2015,7,15,46.62882403
51037,2015,7,15,42.99530828
51041,2015,7,15,52.65006901
51043,2015,7,15,51.66511234
51045,2015,7,15,48.286282
51047,2015,7,15,44.05445859
51049,2015,7,15,48.83412834
51005,2015,7,15,44.79782624
51051,2015,7,15,43.24981306
51510,2015,7,15,50.009609
51515,2015,7,15,46.540596
51520,2015,7,15,25.045378
51053,2015,7,15,57.39520788
51530,2015,7,15,50.216667
51540,2015,7,15,53.28944
51550,2015,7,15,56.63147592
51057,2015,7,15,51.37442722
51570,2015,7,15,56.0867494
51580,2015,7,15,42.146896
51059,2015,7,15,47.83161292
51590,2015,7,15,49.53886489
51595,2015,7,15,58.607628
51600,2015,7,15,47.05386
51061,2015,7,15,48.31078545
51610,2015,7,15,47.05386
51620,2015,7,15,53.39549189
51063,2015,7,15,46.09169557
51630,2015,7,15,55.652077
51640,2015,7,15,44.330017
51065,2015,7,15,52.29640709
51650,2015,7,15,57.40307206
51660,2015,7,15,44.38777026
51067,2015,7,15,48.48324402
51670,2015,7,15,51.203102
51678,2015,7,15,48.15081
51680,2015,7,15,40.36245
51683,2015,7,15,48.688869
51685,2015,7,15,48.688869
51069,2015,7,15,46.58721876
51690,2015,7,15,55.71909961
51007,2015,7,15,53.047195
51700,2015,7,15,56.43849496
51071,2015,7,15,36.2810693
51710,2015,7,15,57.88257595
51720,2015,7,15,39.355209
51073,2015,7,15,52.81351684
51730,2015,7,15,55.79305683
51735,2015,7,15,56.31431834
51740,2015,7,15,57.95839208
51075,2015,7,15,52.60335596
51750,2015,7,15,34.193325
51760,2015,7,15,49.56538359
51077,2015,7,15,41.8489613
51770,2015,7,15,47.265186
51775,2015,7,15,47.25392401
51079,2015,7,15,42.641029
51790,2015,7,15,41.431946
51800,2015,7,15,57.1925057
51081,2015,7,15,58.52933794
51810,2015,7,15,57.31740877
51820,2015,7,15,41.587215
51083,2015,7,15,46.33707867
51830,2015,7,15,52.577007
51840,2015,7,15,52.01301179
51085,2015,7,15,52.1094305
51087,2015,7,15,50.51977451
51089,2015,7,15,54.88739572
51009,2015,7,15,43.00973353
51091,2015,7,15,44.360497
51093,2015,7,15,55.87272743
51095,2015,7,15,52.68800109
51097,2015,7,15,50.96651653
51099,2015,7,15,55.38768685
53001,2015,7,15,52.4123243
53011,2015,7,15,57.36022125
53013,2015,7,15,53.141979
53015,2015,7,15,55.46242464
53017,2015,7,15,
53019,2015,7,15,46.31632006
53021,2015,7,15,
53023,2015,7,15,53.141979
53025,2015,7,15,51.181847
53027,2015,7,15,50.56612746
53029,2015,7,15,
53003,2015,7,15,48.15070589
53031,2015,7,15,
53033,2015,7,15,
53035,2015,7,15,
53037,2015,7,15,
53039,2015,7,15,
53041,2015,7,15,50.7583799
53043,2015,7,15,51.27814922
53045,2015,7,15,
53047,2015,7,15,51.181847
53049,2015,7,15,51.01486311
53005,2015,7,15,
53051,2015,7,15,48.36518845
53053,2015,7,15,
53055,2015,7,15,
53057,2015,7,15,
53059,2015,7,15,
53061,2015,7,15,
53063,2015,7,15,50.2736546
53065,2015,7,15,48.80971931
53067,2015,7,15,
53069,2015,7,15,49.703537
53007,2015,7,15,
53071,2015,7,15,49.00803189
53073,2015,7,15,
53075,2015,7,15,53.81177276
53077,2015,7,15,
53009,2015,7,15,51.239967
54001,2015,7,15,35.78745182
54101,2015,7,15,24.25766106
54103,2015,7,15,41.56735328
54105,2015,7,15,52.100704
54107,2015,7,15,52.88260547
54109,2015,7,15,30.99219066
54011,2015,7,15,51.33620134
54013,2015,7,15,49.4306621
54015,2015,7,15,41.32849074
54017,2015,7,15,37.060013
54019,2015,7,15,34.08094452
54021,2015,7,15,34.085102
54023,2015,7,15,38.17405839
54025,2015,7,15,42.5158956
54027,2015,7,15,45.66021987
54029,2015,7,15,30.60616663
54003,2015,7,15,50.62970833
54031,2015,7,15,36.00085695
54033,2015,7,15,35.56326056
54035,2015,7,15,36.16866184
54037,2015,7,15,51.93867947
54039,2015,7,15,33.85370706
54041,2015,7,15,32.88682769
54043,2015,7,15,45.8880113
54045,2015,7,15,40.19444288
54047,2015,7,15,33.63606866
54049,2015,7,15,34.6382196
54005,2015,7,15,31.72803245
54051,2015,7,15,40.84957102
54053,2015,7,15,39.75596276
54055,2015,7,15,38.62351434
54057,2015,7,15,43.24881755
54059,2015,7,15,38.24846558
54061,2015,7,15,48.11049972
54063,2015,7,15,39.79532613
54065,2015,7,15,47.4857036
54067,2015,7,15,28.99612521
54069,2015,7,15,37.62822326
54007,2015,7,15,28.25145574
54071,2015,7,15,36.15499855
54073,2015,7,15,49.58223739
54075,2015,7,15,38.23313399
54077,2015,7,15,40.57037641
54079,2015,7,15,38.98216367
54081,2015,7,15,32.7721708
54083,2015,7,15,30.70401843
54085,2015,7,15,42.95373353
54087,2015,7,15,43.95201762
54089,2015,7,15,38.77667766
54009,2015,7,15,32.22288359
54091,2015,7,15,36.24269108
54093,2015,7,15,41.18483981
54095,2015,7,15,40.41726912
54097,2015,7,15,33.79770837
54099,2015,7,15,44.19834555
55001,2015,7,15,62.53420056
55101,2015,7,15,61.54278644
55103,2015,7,15,56.60471615
55105,2015,7,15,61.91937003
55107,2015,7,15,48.70159543
55109,2015,7,15,44.92253516
55011,2015,7,15,47.99882505
55111,2015,7,15,62.06079764
55113,2015,7,15,44.20959317
55115,2015,7,15,61.25863711
55117,2015,7,15,61.80306048
55119,2015,7,15,60.09315407
55121,2015,7,15,51.81831693
55123,2015,7,15,53.42598253
55125,2015,7,15,59.8904577
55127,2015,7,15,61.81881872
55129,2015,7,15,44.93865648
55013,2015,7,15,50.89493929
55131,2015,7,15,62.31246151
55133,2015,7,15,61.80775669
55135,2015,7,15,62.3128212
55137,2015,7,15,61.800459
55139,2015,7,15,62.21109476
55141,2015,7,15,62.0050725
55015,2015,7,15,61.6184711
55017,2015,7,15,49.85777449
55019,2015,7,15,59.85690954
55021,2015,7,15,62.41082331
55023,2015,7,15,46.73708341
55025,2015,7,15,62.13819666
55027,2015,7,15,62.02181574
55029,2015,7,15,59.03238628
55003,2015,7,15,48.799471
55031,2015,7,15,48.32757248
55033,2015,7,15,37.47966342
55035,2015,7,15,47.80758842
55037,2015,7,15,58.72133367
55039,2015,7,15,62.52500169
55041,2015,7,15,60.76108458
55043,2015,7,15,51.88520877
55045,2015,7,15,62.99826241
55047,2015,7,15,61.38989196
55049,2015,7,15,57.64247779
55005,2015,7,15,44.91506624
55051,2015,7,15,58.51321712
55053,2015,7,15,57.21356404
55055,2015,7,15,61.77604156
55057,2015,7,15,60.78614511
55059,2015,7,15,61.48563178
55061,2015,7,15,59.6791995
55063,2015,7,15,53.13764519
55065,2015,7,15,56.93926722
55067,2015,7,15,62.11374374
55069,2015,7,15,60.54361203
55007,2015,7,15,50.76892149
55071,2015,7,15,61.5879272
55073,2015,7,15,60.83989114
55075,2015,7,15,59.42648343
55077,2015,7,15,62.44402978
55078,2015,7,15,61.67750297
55079,2015,7,15,61.75838132
55081,2015,7,15,57.21091845
55083,2015,7,15,59.66614416
55085,2015,7,15,60.4801936
55087,2015,7,15,61.43721629
55089,2015,7,15,62.29819587
55009,2015,7,15,60.39603844
55091,2015,7,15,41.67401126
55093,2015,7,15,46.44326545
55095,2015,7,15,49.04623586
55097,2015,7,15,61.69840829
55099,2015,7,15,59.2117182
56001,2015,7,15,77.06027179
56011,2015,7,15,41.47406389
56013,2015,7,15,58.64656355
56015,2015,7,15,65.93696917
56017,2015,7,15,62.02528
56019,2015,7,15,58.63467629
56021,2015,7,15,58.25544608
56023,2015,7,15,55.02848683
56025,2015,7,15,63.17831568
56027,2015,7,15,44.055592
56029,2015,7,15,30.68896108
56003,2015,7,15,38.60986731
56031,2015,7,15,52.0772816
56033,2015,7,15,40.68552088
56035,2015,7,15,74.97256502
56037,2015,7,15,55.31019123
56039,2015,7,15,72.04198096
56041,2015,7,15,33.01256872
56043,2015,7,15,64.246857
56045,2015,7,15,42.33840827
56005,2015,7,15,33.01663255
56007,2015,7,15,72.51774892
56009,2015,7,15,51.43627575
6001,2015,7,15,70.99964796
6101,2015,7,15,69.18762839
6103,2015,7,15,67.04283883
6105,2015,7,15,68.75884974
6107,2015,7,15,74.04830595
6109,2015,7,15,70.93645905
6011,2015,7,15,69.3193345
6111,2015,7,15,72.6688833
6113,2015,7,15,69.61827096
6115,2015,7,15,69.77020728
6013,2015,7,15,70.80670444
6015,2015,7,15,65.26338275
6017,2015,7,15,71.61066348
6019,2015,7,15,72.3502387
6021,2015,7,15,68.36087019
6023,2015,7,15,66.93829828
6025,2015,7,15,79.981987
6027,2015,7,15,
6029,2015,7,15,77.71357717
6003,2015,7,15,
6031,2015,7,15,73.85036901
6033,2015,7,15,72.14163631
6035,2015,7,15,66.17135816
6037,2015,7,15,71.93471382
6039,2015,7,15,70.95529102
6041,2015,7,15,68.11485609
6043,2015,7,15,70.97563689
6045,2015,7,15,72.13759925
6047,2015,7,15,70.77504425
6049,2015,7,15,66.823532
6005,2015,7,15,71.58487612
6051,2015,7,15,
6053,2015,7,15,61.78627523
6055,2015,7,15,71.60474436
6057,2015,7,15,71.39298876
6059,2015,7,15,
6061,2015,7,15,70.89302135
6063,2015,7,15,70.89821387
6065,2015,7,15,79.00885839
6067,2015,7,15,70.24638623
6069,2015,7,15,68.78892872
6007,2015,7,15,70.04470213
6071,2015,7,15,77.34060444
6073,2015,7,15,
6075,2015,7,15,67.47509032
6077,2015,7,15,70.34337675
6079,2015,7,15,73.7213153
6081,2015,7,15,64.05224503
6083,2015,7,15,74.93351202
6085,2015,7,15,71.87322919
6087,2015,7,15,56.09610941
6089,2015,7,15,65.9559491
6009,2015,7,15,71.41190743
6091,2015,7,15,71.620789
6093,2015,7,15,66.09223752
6095,2015,7,15,71.38585149
6097,2015,7,15,71.68839842
6099,2015,7,15,70.53218043
8001,2015,7,15,75.92590051
8101,2015,7,15,69.29730815
8103,2015,7,15,53.44096895
8105,2015,7,15,71.66313868
8107,2015,7,15,83.75571556
8109,2015,7,15,80.30854828
8011,2015,7,15,78.556938
8111,2015,7,15,90.918015
8113,2015,7,15,84.51710392
8115,2015,7,15,66.993996
8117,2015,7,15,91.44148778
8119,2015,7,15,83.65836517
8121,2015,7,15,70.5279342
8123,2015,7,15,66.95149481
8125,2015,7,15,69.1122146
8013,2015,7,15,78.61947862
8014,2015,7,15,77.623672
8015,2015,7,15,89.68189892
8017,2015,7,15,75.192459
8019,2015,7,15,93.73821199
8021,2015,7,15,60.9835211
8023,2015,7,15,79.68899351
8025,2015,7,15,80.367302
8027,2015,7,15,60.548096
8029,2015,7,15,68.12377894
8003,2015,7,15,53.79848363
8031,2015,7,15,76.00834799
8033,2015,7,15,72.465851
8035,2015,7,15,76.48164738
8037,2015,7,15,91.31440224
8039,2015,7,15,70.51700092
8041,2015,7,15,74.82506736
8043,2015,7,15,74.61857503
8045,2015,7,15,80.91642342
8047,2015,7,15,79.187431
8049,2015,7,15,91.11537008
8005,2015,7,15,76.00276405
8051,2015,7,15,90.25267084
8053,2015,7,15,93.351219
8055,2015,7,15,62.101978
8057,2015,7,15,88.850327
8059,2015,7,15,77.09755063
8061,2015,7,15,80.470909
8063,2015,7,15,72.43221995
8065,2015,7,15,91.39299514
8067,2015,7,15,84.71617756
8069,2015,7,15,66.99629665
8007,2015,7,15,90.03059877
8071,2015,7,15,49.16414439
8073,2015,7,15,78.0841397
8075,2015,7,15,67.64375674
8077,2015,7,15,65.69867864
8079,2015,7,15,93.380257
8081,2015,7,15,71.07788729
8083,2015,7,15,77.78118361
8085,2015,7,15,55.37469527
8087,2015,7,15,75.89004315
8089,2015,7,15,79.89439516
8009,2015,7,15,79.1217477
8091,2015,7,15,89.050568
8093,2015,7,15,93.49444201
8095,2015,7,15,64.23655936
8097,2015,7,15,89.66123164
8099,2015,7,15,80.15752577
9001,2015,7,15,33.62527603
9011,2015,7,15,36.11587484
9013,2015,7,15,27.73888716
9015,2015,7,15,40.69936251
9003,2015,7,15,24.60339285
9005,2015,7,15,25.629901
9007,2015,7,15,40.12336553
9009,2015,7,15,35.03719435
